# Gojo block character, T-pose, Minecraft 64x64 skin
mtllib gojo.mtl
o Gojo_Blockman
v -0.300000 2.400000 -0.400000
v -0.400000 2.400000 -0.400000
v -0.400000 2.500000 -0.400000
v -0.300000 2.500000 -0.400000
v -0.400000 2.400000 -0.300000
v -0.400000 2.500000 -0.300000
v -0.300000 2.400000 -0.300000
v -0.400000 2.400000 -0.200000
v -0.400000 2.500000 -0.200000
v -0.300000 2.400000 -0.200000
v -0.400000 2.400000 -0.100000
v -0.400000 2.500000 -0.100000
v -0.400000 2.400000 0.000000
v -0.400000 2.500000 0.000000
v -0.400000 2.400000 0.100000
v -0.400000 2.500000 0.100000
v -0.400000 2.400000 0.200000
v -0.400000 2.500000 0.200000
v -0.400000 2.400000 0.300000
v -0.400000 2.500000 0.300000
v -0.300000 2.400000 0.200000
v -0.300000 2.400000 0.300000
v -0.400000 2.400000 0.400000
v -0.300000 2.400000 0.400000
v -0.300000 2.500000 0.400000
v -0.400000 2.500000 0.400000
v -0.400000 2.600000 -0.400000
v -0.300000 2.600000 -0.400000
v -0.400000 2.600000 -0.300000
v -0.400000 2.600000 -0.200000
v -0.400000 2.600000 -0.100000
v -0.400000 2.600000 0.000000
v -0.400000 2.600000 0.100000
v -0.400000 2.600000 0.200000
v -0.400000 2.600000 0.300000
v -0.300000 2.600000 0.400000
v -0.400000 2.600000 0.400000
v -0.400000 2.700000 -0.400000
v -0.300000 2.700000 -0.400000
v -0.400000 2.700000 -0.300000
v -0.400000 2.700000 -0.200000
v -0.400000 2.700000 -0.100000
v -0.400000 2.700000 0.000000
v -0.400000 2.700000 0.100000
v -0.400000 2.700000 0.200000
v -0.400000 2.700000 0.300000
v -0.300000 2.700000 0.400000
v -0.400000 2.700000 0.400000
v -0.400000 2.800000 -0.400000
v -0.300000 2.800000 -0.400000
v -0.400000 2.800000 -0.300000
v -0.400000 2.800000 -0.200000
v -0.400000 2.800000 -0.100000
v -0.400000 2.800000 0.000000
v -0.400000 2.800000 0.100000
v -0.400000 2.800000 0.200000
v -0.400000 2.800000 0.300000
v -0.300000 2.800000 0.400000
v -0.400000 2.800000 0.400000
v -0.400000 2.900000 -0.400000
v -0.300000 2.900000 -0.400000
v -0.400000 2.900000 -0.300000
v -0.400000 2.900000 -0.200000
v -0.400000 2.900000 -0.100000
v -0.400000 2.900000 0.000000
v -0.400000 2.900000 0.100000
v -0.400000 2.900000 0.200000
v -0.400000 2.900000 0.300000
v -0.300000 2.900000 0.400000
v -0.400000 2.900000 0.400000
v -0.400000 3.000000 -0.400000
v -0.300000 3.000000 -0.400000
v -0.400000 3.000000 -0.300000
v -0.400000 3.000000 -0.200000
v -0.400000 3.000000 -0.100000
v -0.400000 3.000000 0.000000
v -0.400000 3.000000 0.100000
v -0.400000 3.000000 0.200000
v -0.400000 3.000000 0.300000
v -0.300000 3.000000 0.400000
v -0.400000 3.000000 0.400000
v -0.400000 3.100000 -0.400000
v -0.300000 3.100000 -0.400000
v -0.400000 3.100000 -0.300000
v -0.400000 3.100000 -0.200000
v -0.400000 3.100000 -0.100000
v -0.400000 3.100000 0.000000
v -0.400000 3.100000 0.100000
v -0.400000 3.100000 0.200000
v -0.400000 3.100000 0.300000
v -0.300000 3.100000 0.400000
v -0.400000 3.100000 0.400000
v -0.400000 3.200000 -0.400000
v -0.300000 3.200000 -0.400000
v -0.400000 3.200000 -0.300000
v -0.300000 3.200000 -0.300000
v -0.400000 3.200000 -0.200000
v -0.300000 3.200000 -0.200000
v -0.400000 3.200000 -0.100000
v -0.300000 3.200000 -0.100000
v -0.400000 3.200000 0.000000
v -0.300000 3.200000 0.000000
v -0.400000 3.200000 0.100000
v -0.300000 3.200000 0.100000
v -0.400000 3.200000 0.200000
v -0.300000 3.200000 0.200000
v -0.400000 3.200000 0.300000
v -0.300000 3.200000 0.300000
v -0.300000 3.200000 0.400000
v -0.400000 3.200000 0.400000
v -0.200000 2.400000 -0.400000
v -0.200000 2.500000 -0.400000
v -0.200000 2.400000 -0.300000
v -0.200000 2.400000 -0.200000
v -0.200000 2.400000 0.200000
v -0.200000 2.400000 0.300000
v -0.200000 2.400000 0.400000
v -0.200000 2.500000 0.400000
v -0.200000 2.600000 -0.400000
v -0.200000 2.600000 0.400000
v -0.200000 2.700000 -0.400000
v -0.200000 2.700000 0.400000
v -0.200000 2.800000 -0.400000
v -0.200000 2.800000 0.400000
v -0.200000 2.900000 -0.400000
v -0.200000 2.900000 0.400000
v -0.200000 3.000000 -0.400000
v -0.200000 3.000000 0.400000
v -0.200000 3.100000 -0.400000
v -0.200000 3.100000 0.400000
v -0.200000 3.200000 -0.400000
v -0.200000 3.200000 -0.300000
v -0.200000 3.200000 -0.200000
v -0.200000 3.200000 -0.100000
v -0.200000 3.200000 0.000000
v -0.200000 3.200000 0.100000
v -0.200000 3.200000 0.200000
v -0.200000 3.200000 0.300000
v -0.200000 3.200000 0.400000
v -0.100000 2.400000 -0.400000
v -0.100000 2.500000 -0.400000
v -0.100000 2.400000 -0.300000
v -0.100000 2.400000 -0.200000
v -0.100000 2.400000 0.200000
v -0.100000 2.400000 0.300000
v -0.100000 2.400000 0.400000
v -0.100000 2.500000 0.400000
v -0.100000 2.600000 -0.400000
v -0.100000 2.600000 0.400000
v -0.100000 2.700000 -0.400000
v -0.100000 2.700000 0.400000
v -0.100000 2.800000 -0.400000
v -0.100000 2.800000 0.400000
v -0.100000 2.900000 -0.400000
v -0.100000 2.900000 0.400000
v -0.100000 3.000000 -0.400000
v -0.100000 3.000000 0.400000
v -0.100000 3.100000 -0.400000
v -0.100000 3.100000 0.400000
v -0.100000 3.200000 -0.400000
v -0.100000 3.200000 -0.300000
v -0.100000 3.200000 -0.200000
v -0.100000 3.200000 -0.100000
v -0.100000 3.200000 0.000000
v -0.100000 3.200000 0.100000
v -0.100000 3.200000 0.200000
v -0.100000 3.200000 0.300000
v -0.100000 3.200000 0.400000
v 0.000000 2.400000 -0.400000
v 0.000000 2.500000 -0.400000
v 0.000000 2.400000 -0.300000
v 0.000000 2.400000 -0.200000
v 0.000000 2.400000 0.200000
v 0.000000 2.400000 0.300000
v 0.000000 2.400000 0.400000
v 0.000000 2.500000 0.400000
v 0.000000 2.600000 -0.400000
v 0.000000 2.600000 0.400000
v 0.000000 2.700000 -0.400000
v 0.000000 2.700000 0.400000
v 0.000000 2.800000 -0.400000
v 0.000000 2.800000 0.400000
v 0.000000 2.900000 -0.400000
v 0.000000 2.900000 0.400000
v 0.000000 3.000000 -0.400000
v 0.000000 3.000000 0.400000
v 0.000000 3.100000 -0.400000
v 0.000000 3.100000 0.400000
v 0.000000 3.200000 -0.400000
v 0.000000 3.200000 -0.300000
v 0.000000 3.200000 -0.200000
v 0.000000 3.200000 -0.100000
v 0.000000 3.200000 0.000000
v 0.000000 3.200000 0.100000
v 0.000000 3.200000 0.200000
v 0.000000 3.200000 0.300000
v 0.000000 3.200000 0.400000
v 0.100000 2.400000 -0.400000
v 0.100000 2.500000 -0.400000
v 0.100000 2.400000 -0.300000
v 0.100000 2.400000 -0.200000
v 0.100000 2.400000 0.200000
v 0.100000 2.400000 0.300000
v 0.100000 2.400000 0.400000
v 0.100000 2.500000 0.400000
v 0.100000 2.600000 -0.400000
v 0.100000 2.600000 0.400000
v 0.100000 2.700000 -0.400000
v 0.100000 2.700000 0.400000
v 0.100000 2.800000 -0.400000
v 0.100000 2.800000 0.400000
v 0.100000 2.900000 -0.400000
v 0.100000 2.900000 0.400000
v 0.100000 3.000000 -0.400000
v 0.100000 3.000000 0.400000
v 0.100000 3.100000 -0.400000
v 0.100000 3.100000 0.400000
v 0.100000 3.200000 -0.400000
v 0.100000 3.200000 -0.300000
v 0.100000 3.200000 -0.200000
v 0.100000 3.200000 -0.100000
v 0.100000 3.200000 0.000000
v 0.100000 3.200000 0.100000
v 0.100000 3.200000 0.200000
v 0.100000 3.200000 0.300000
v 0.100000 3.200000 0.400000
v 0.200000 2.400000 -0.400000
v 0.200000 2.500000 -0.400000
v 0.200000 2.400000 -0.300000
v 0.200000 2.400000 -0.200000
v 0.200000 2.400000 0.200000
v 0.200000 2.400000 0.300000
v 0.200000 2.400000 0.400000
v 0.200000 2.500000 0.400000
v 0.200000 2.600000 -0.400000
v 0.200000 2.600000 0.400000
v 0.200000 2.700000 -0.400000
v 0.200000 2.700000 0.400000
v 0.200000 2.800000 -0.400000
v 0.200000 2.800000 0.400000
v 0.200000 2.900000 -0.400000
v 0.200000 2.900000 0.400000
v 0.200000 3.000000 -0.400000
v 0.200000 3.000000 0.400000
v 0.200000 3.100000 -0.400000
v 0.200000 3.100000 0.400000
v 0.200000 3.200000 -0.400000
v 0.200000 3.200000 -0.300000
v 0.200000 3.200000 -0.200000
v 0.200000 3.200000 -0.100000
v 0.200000 3.200000 0.000000
v 0.200000 3.200000 0.100000
v 0.200000 3.200000 0.200000
v 0.200000 3.200000 0.300000
v 0.200000 3.200000 0.400000
v 0.300000 2.400000 -0.400000
v 0.300000 2.500000 -0.400000
v 0.300000 2.400000 -0.300000
v 0.300000 2.400000 -0.200000
v 0.300000 2.400000 0.200000
v 0.300000 2.400000 0.300000
v 0.300000 2.400000 0.400000
v 0.300000 2.500000 0.400000
v 0.300000 2.600000 -0.400000
v 0.300000 2.600000 0.400000
v 0.300000 2.700000 -0.400000
v 0.300000 2.700000 0.400000
v 0.300000 2.800000 -0.400000
v 0.300000 2.800000 0.400000
v 0.300000 2.900000 -0.400000
v 0.300000 2.900000 0.400000
v 0.300000 3.000000 -0.400000
v 0.300000 3.000000 0.400000
v 0.300000 3.100000 -0.400000
v 0.300000 3.100000 0.400000
v 0.300000 3.200000 -0.400000
v 0.300000 3.200000 -0.300000
v 0.300000 3.200000 -0.200000
v 0.300000 3.200000 -0.100000
v 0.300000 3.200000 0.000000
v 0.300000 3.200000 0.100000
v 0.300000 3.200000 0.200000
v 0.300000 3.200000 0.300000
v 0.300000 3.200000 0.400000
v 0.400000 2.400000 -0.400000
v 0.400000 2.500000 -0.400000
v 0.400000 2.400000 -0.300000
v 0.400000 2.500000 -0.300000
v 0.400000 2.400000 -0.200000
v 0.400000 2.500000 -0.200000
v 0.400000 2.400000 -0.100000
v 0.400000 2.500000 -0.100000
v 0.400000 2.400000 0.000000
v 0.400000 2.500000 0.000000
v 0.400000 2.400000 0.100000
v 0.400000 2.500000 0.100000
v 0.400000 2.400000 0.200000
v 0.400000 2.500000 0.200000
v 0.400000 2.400000 0.300000
v 0.400000 2.500000 0.300000
v 0.400000 2.400000 0.400000
v 0.400000 2.500000 0.400000
v 0.400000 2.600000 -0.400000
v 0.400000 2.600000 -0.300000
v 0.400000 2.600000 -0.200000
v 0.400000 2.600000 -0.100000
v 0.400000 2.600000 0.000000
v 0.400000 2.600000 0.100000
v 0.400000 2.600000 0.200000
v 0.400000 2.600000 0.300000
v 0.400000 2.600000 0.400000
v 0.400000 2.700000 -0.400000
v 0.400000 2.700000 -0.300000
v 0.400000 2.700000 -0.200000
v 0.400000 2.700000 -0.100000
v 0.400000 2.700000 0.000000
v 0.400000 2.700000 0.100000
v 0.400000 2.700000 0.200000
v 0.400000 2.700000 0.300000
v 0.400000 2.700000 0.400000
v 0.400000 2.800000 -0.400000
v 0.400000 2.800000 -0.300000
v 0.400000 2.800000 -0.200000
v 0.400000 2.800000 -0.100000
v 0.400000 2.800000 0.000000
v 0.400000 2.800000 0.100000
v 0.400000 2.800000 0.200000
v 0.400000 2.800000 0.300000
v 0.400000 2.800000 0.400000
v 0.400000 2.900000 -0.400000
v 0.400000 2.900000 -0.300000
v 0.400000 2.900000 -0.200000
v 0.400000 2.900000 -0.100000
v 0.400000 2.900000 0.000000
v 0.400000 2.900000 0.100000
v 0.400000 2.900000 0.200000
v 0.400000 2.900000 0.300000
v 0.400000 2.900000 0.400000
v 0.400000 3.000000 -0.400000
v 0.400000 3.000000 -0.300000
v 0.400000 3.000000 -0.200000
v 0.400000 3.000000 -0.100000
v 0.400000 3.000000 0.000000
v 0.400000 3.000000 0.100000
v 0.400000 3.000000 0.200000
v 0.400000 3.000000 0.300000
v 0.400000 3.000000 0.400000
v 0.400000 3.100000 -0.400000
v 0.400000 3.100000 -0.300000
v 0.400000 3.100000 -0.200000
v 0.400000 3.100000 -0.100000
v 0.400000 3.100000 0.000000
v 0.400000 3.100000 0.100000
v 0.400000 3.100000 0.200000
v 0.400000 3.100000 0.300000
v 0.400000 3.100000 0.400000
v 0.400000 3.200000 -0.400000
v 0.400000 3.200000 -0.300000
v 0.400000 3.200000 -0.200000
v 0.400000 3.200000 -0.100000
v 0.400000 3.200000 0.000000
v 0.400000 3.200000 0.100000
v 0.400000 3.200000 0.200000
v 0.400000 3.200000 0.300000
v 0.400000 3.200000 0.400000
v -0.300000 1.200000 -0.200000
v -0.400000 1.200000 -0.200000
v -0.400000 1.300000 -0.200000
v -0.300000 1.300000 -0.200000
v -0.400000 1.200000 -0.100000
v -0.400000 1.300000 -0.100000
v -0.400000 1.200000 0.000000
v -0.400000 1.300000 0.000000
v -0.400000 1.200000 0.100000
v -0.400000 1.300000 0.100000
v -0.400000 1.200000 0.200000
v -0.300000 1.200000 0.200000
v -0.300000 1.300000 0.200000
v -0.400000 1.300000 0.200000
v -0.400000 1.400000 -0.200000
v -0.300000 1.400000 -0.200000
v -0.400000 1.400000 -0.100000
v -0.400000 1.400000 0.000000
v -0.400000 1.400000 0.100000
v -0.300000 1.400000 0.200000
v -0.400000 1.400000 0.200000
v -0.400000 1.500000 -0.200000
v -0.300000 1.500000 -0.200000
v -0.400000 1.500000 -0.100000
v -0.400000 1.500000 0.000000
v -0.400000 1.500000 0.100000
v -0.300000 1.500000 0.200000
v -0.400000 1.500000 0.200000
v -0.400000 1.600000 -0.200000
v -0.300000 1.600000 -0.200000
v -0.400000 1.600000 -0.100000
v -0.400000 1.600000 0.000000
v -0.400000 1.600000 0.100000
v -0.300000 1.600000 0.200000
v -0.400000 1.600000 0.200000
v -0.400000 1.700000 -0.200000
v -0.300000 1.700000 -0.200000
v -0.400000 1.700000 -0.100000
v -0.400000 1.700000 0.000000
v -0.400000 1.700000 0.100000
v -0.300000 1.700000 0.200000
v -0.400000 1.700000 0.200000
v -0.400000 1.800000 -0.200000
v -0.300000 1.800000 -0.200000
v -0.400000 1.800000 -0.100000
v -0.400000 1.800000 0.000000
v -0.400000 1.800000 0.100000
v -0.300000 1.800000 0.200000
v -0.400000 1.800000 0.200000
v -0.400000 1.900000 -0.200000
v -0.300000 1.900000 -0.200000
v -0.400000 1.900000 -0.100000
v -0.400000 1.900000 0.000000
v -0.400000 1.900000 0.100000
v -0.300000 1.900000 0.200000
v -0.400000 1.900000 0.200000
v -0.400000 2.000000 -0.200000
v -0.300000 2.000000 -0.200000
v -0.400000 2.000000 -0.100000
v -0.400000 2.000000 0.000000
v -0.400000 2.000000 0.100000
v -0.300000 2.000000 0.200000
v -0.400000 2.000000 0.200000
v -0.400000 2.100000 -0.200000
v -0.300000 2.100000 -0.200000
v -0.300000 2.100000 0.200000
v -0.400000 2.100000 0.200000
v -0.400000 2.200000 -0.200000
v -0.300000 2.200000 -0.200000
v -0.300000 2.200000 0.200000
v -0.400000 2.200000 0.200000
v -0.400000 2.300000 -0.200000
v -0.300000 2.300000 -0.200000
v -0.300000 2.300000 0.200000
v -0.400000 2.300000 0.200000
v -0.200000 1.200000 -0.200000
v -0.200000 1.300000 -0.200000
v -0.200000 1.200000 0.200000
v -0.200000 1.300000 0.200000
v -0.200000 1.400000 -0.200000
v -0.200000 1.400000 0.200000
v -0.200000 1.500000 -0.200000
v -0.200000 1.500000 0.200000
v -0.200000 1.600000 -0.200000
v -0.200000 1.600000 0.200000
v -0.200000 1.700000 -0.200000
v -0.200000 1.700000 0.200000
v -0.200000 1.800000 -0.200000
v -0.200000 1.800000 0.200000
v -0.200000 1.900000 -0.200000
v -0.200000 1.900000 0.200000
v -0.200000 2.000000 -0.200000
v -0.200000 2.000000 0.200000
v -0.200000 2.100000 -0.200000
v -0.200000 2.100000 0.200000
v -0.200000 2.200000 -0.200000
v -0.200000 2.200000 0.200000
v -0.200000 2.300000 -0.200000
v -0.200000 2.300000 0.200000
v -0.100000 1.200000 -0.200000
v -0.100000 1.300000 -0.200000
v -0.100000 1.200000 0.200000
v -0.100000 1.300000 0.200000
v -0.100000 1.400000 -0.200000
v -0.100000 1.400000 0.200000
v -0.100000 1.500000 -0.200000
v -0.100000 1.500000 0.200000
v -0.100000 1.600000 -0.200000
v -0.100000 1.600000 0.200000
v -0.100000 1.700000 -0.200000
v -0.100000 1.700000 0.200000
v -0.100000 1.800000 -0.200000
v -0.100000 1.800000 0.200000
v -0.100000 1.900000 -0.200000
v -0.100000 1.900000 0.200000
v -0.100000 2.000000 -0.200000
v -0.100000 2.000000 0.200000
v -0.100000 2.100000 -0.200000
v -0.100000 2.100000 0.200000
v -0.100000 2.200000 -0.200000
v -0.100000 2.200000 0.200000
v -0.100000 2.300000 -0.200000
v -0.100000 2.300000 0.200000
v 0.000000 1.200000 -0.200000
v 0.000000 1.300000 -0.200000
v 0.000000 1.200000 0.200000
v 0.000000 1.300000 0.200000
v 0.000000 1.400000 -0.200000
v 0.000000 1.400000 0.200000
v 0.000000 1.500000 -0.200000
v 0.000000 1.500000 0.200000
v 0.000000 1.600000 -0.200000
v 0.000000 1.600000 0.200000
v 0.000000 1.700000 -0.200000
v 0.000000 1.700000 0.200000
v 0.000000 1.800000 -0.200000
v 0.000000 1.800000 0.200000
v 0.000000 1.900000 -0.200000
v 0.000000 1.900000 0.200000
v 0.000000 2.000000 -0.200000
v 0.000000 2.000000 0.200000
v 0.000000 2.100000 -0.200000
v 0.000000 2.100000 0.200000
v 0.000000 2.200000 -0.200000
v 0.000000 2.200000 0.200000
v 0.000000 2.300000 -0.200000
v 0.000000 2.300000 0.200000
v 0.100000 1.200000 -0.200000
v 0.100000 1.300000 -0.200000
v 0.100000 1.200000 0.200000
v 0.100000 1.300000 0.200000
v 0.100000 1.400000 -0.200000
v 0.100000 1.400000 0.200000
v 0.100000 1.500000 -0.200000
v 0.100000 1.500000 0.200000
v 0.100000 1.600000 -0.200000
v 0.100000 1.600000 0.200000
v 0.100000 1.700000 -0.200000
v 0.100000 1.700000 0.200000
v 0.100000 1.800000 -0.200000
v 0.100000 1.800000 0.200000
v 0.100000 1.900000 -0.200000
v 0.100000 1.900000 0.200000
v 0.100000 2.000000 -0.200000
v 0.100000 2.000000 0.200000
v 0.100000 2.100000 -0.200000
v 0.100000 2.100000 0.200000
v 0.100000 2.200000 -0.200000
v 0.100000 2.200000 0.200000
v 0.100000 2.300000 -0.200000
v 0.100000 2.300000 0.200000
v 0.200000 1.200000 -0.200000
v 0.200000 1.300000 -0.200000
v 0.200000 1.200000 0.200000
v 0.200000 1.300000 0.200000
v 0.200000 1.400000 -0.200000
v 0.200000 1.400000 0.200000
v 0.200000 1.500000 -0.200000
v 0.200000 1.500000 0.200000
v 0.200000 1.600000 -0.200000
v 0.200000 1.600000 0.200000
v 0.200000 1.700000 -0.200000
v 0.200000 1.700000 0.200000
v 0.200000 1.800000 -0.200000
v 0.200000 1.800000 0.200000
v 0.200000 1.900000 -0.200000
v 0.200000 1.900000 0.200000
v 0.200000 2.000000 -0.200000
v 0.200000 2.000000 0.200000
v 0.200000 2.100000 -0.200000
v 0.200000 2.100000 0.200000
v 0.200000 2.200000 -0.200000
v 0.200000 2.200000 0.200000
v 0.200000 2.300000 -0.200000
v 0.200000 2.300000 0.200000
v 0.300000 1.200000 -0.200000
v 0.300000 1.300000 -0.200000
v 0.300000 1.200000 0.200000
v 0.300000 1.300000 0.200000
v 0.300000 1.400000 -0.200000
v 0.300000 1.400000 0.200000
v 0.300000 1.500000 -0.200000
v 0.300000 1.500000 0.200000
v 0.300000 1.600000 -0.200000
v 0.300000 1.600000 0.200000
v 0.300000 1.700000 -0.200000
v 0.300000 1.700000 0.200000
v 0.300000 1.800000 -0.200000
v 0.300000 1.800000 0.200000
v 0.300000 1.900000 -0.200000
v 0.300000 1.900000 0.200000
v 0.300000 2.000000 -0.200000
v 0.300000 2.000000 0.200000
v 0.300000 2.100000 -0.200000
v 0.300000 2.100000 0.200000
v 0.300000 2.200000 -0.200000
v 0.300000 2.200000 0.200000
v 0.300000 2.300000 -0.200000
v 0.300000 2.300000 0.200000
v 0.400000 1.200000 -0.200000
v 0.400000 1.300000 -0.200000
v 0.400000 1.200000 -0.100000
v 0.400000 1.300000 -0.100000
v 0.400000 1.200000 0.000000
v 0.400000 1.300000 0.000000
v 0.400000 1.200000 0.100000
v 0.400000 1.300000 0.100000
v 0.400000 1.200000 0.200000
v 0.400000 1.300000 0.200000
v 0.400000 1.400000 -0.200000
v 0.400000 1.400000 -0.100000
v 0.400000 1.400000 0.000000
v 0.400000 1.400000 0.100000
v 0.400000 1.400000 0.200000
v 0.400000 1.500000 -0.200000
v 0.400000 1.500000 -0.100000
v 0.400000 1.500000 0.000000
v 0.400000 1.500000 0.100000
v 0.400000 1.500000 0.200000
v 0.400000 1.600000 -0.200000
v 0.400000 1.600000 -0.100000
v 0.400000 1.600000 0.000000
v 0.400000 1.600000 0.100000
v 0.400000 1.600000 0.200000
v 0.400000 1.700000 -0.200000
v 0.400000 1.700000 -0.100000
v 0.400000 1.700000 0.000000
v 0.400000 1.700000 0.100000
v 0.400000 1.700000 0.200000
v 0.400000 1.800000 -0.200000
v 0.400000 1.800000 -0.100000
v 0.400000 1.800000 0.000000
v 0.400000 1.800000 0.100000
v 0.400000 1.800000 0.200000
v 0.400000 1.900000 -0.200000
v 0.400000 1.900000 -0.100000
v 0.400000 1.900000 0.000000
v 0.400000 1.900000 0.100000
v 0.400000 1.900000 0.200000
v 0.400000 2.000000 -0.200000
v 0.400000 2.000000 -0.100000
v 0.400000 2.000000 0.000000
v 0.400000 2.000000 0.100000
v 0.400000 2.000000 0.200000
v 0.400000 2.100000 -0.200000
v 0.400000 2.100000 0.200000
v 0.400000 2.200000 -0.200000
v 0.400000 2.200000 0.200000
v 0.400000 2.300000 -0.200000
v 0.400000 2.300000 0.200000
v -1.500000 2.000000 -0.200000
v -1.600000 2.000000 -0.200000
v -1.600000 2.100000 -0.200000
v -1.500000 2.100000 -0.200000
v -1.600000 2.000000 -0.100000
v -1.600000 2.100000 -0.100000
v -1.500000 2.000000 -0.100000
v -1.600000 2.000000 0.000000
v -1.600000 2.100000 0.000000
v -1.500000 2.000000 0.000000
v -1.600000 2.000000 0.100000
v -1.600000 2.100000 0.100000
v -1.500000 2.000000 0.100000
v -1.600000 2.000000 0.200000
v -1.500000 2.000000 0.200000
v -1.500000 2.100000 0.200000
v -1.600000 2.100000 0.200000
v -1.600000 2.200000 -0.200000
v -1.500000 2.200000 -0.200000
v -1.600000 2.200000 -0.100000
v -1.600000 2.200000 0.000000
v -1.600000 2.200000 0.100000
v -1.500000 2.200000 0.200000
v -1.600000 2.200000 0.200000
v -1.600000 2.300000 -0.200000
v -1.500000 2.300000 -0.200000
v -1.600000 2.300000 -0.100000
v -1.600000 2.300000 0.000000
v -1.600000 2.300000 0.100000
v -1.500000 2.300000 0.200000
v -1.600000 2.300000 0.200000
v -1.600000 2.400000 -0.200000
v -1.500000 2.400000 -0.200000
v -1.600000 2.400000 -0.100000
v -1.500000 2.400000 -0.100000
v -1.600000 2.400000 0.000000
v -1.500000 2.400000 0.000000
v -1.600000 2.400000 0.100000
v -1.500000 2.400000 0.100000
v -1.500000 2.400000 0.200000
v -1.600000 2.400000 0.200000
v -1.400000 2.000000 -0.200000
v -1.400000 2.100000 -0.200000
v -1.400000 2.000000 -0.100000
v -1.400000 2.000000 0.000000
v -1.400000 2.000000 0.100000
v -1.400000 2.000000 0.200000
v -1.400000 2.100000 0.200000
v -1.400000 2.200000 -0.200000
v -1.400000 2.200000 0.200000
v -1.400000 2.300000 -0.200000
v -1.400000 2.300000 0.200000
v -1.400000 2.400000 -0.200000
v -1.400000 2.400000 -0.100000
v -1.400000 2.400000 0.000000
v -1.400000 2.400000 0.100000
v -1.400000 2.400000 0.200000
v -1.300000 2.000000 -0.200000
v -1.300000 2.100000 -0.200000
v -1.300000 2.000000 -0.100000
v -1.300000 2.000000 0.000000
v -1.300000 2.000000 0.100000
v -1.300000 2.000000 0.200000
v -1.300000 2.100000 0.200000
v -1.300000 2.200000 -0.200000
v -1.300000 2.200000 0.200000
v -1.300000 2.300000 -0.200000
v -1.300000 2.300000 0.200000
v -1.300000 2.400000 -0.200000
v -1.300000 2.400000 -0.100000
v -1.300000 2.400000 0.000000
v -1.300000 2.400000 0.100000
v -1.300000 2.400000 0.200000
v -1.200000 2.000000 -0.200000
v -1.200000 2.100000 -0.200000
v -1.200000 2.000000 -0.100000
v -1.200000 2.000000 0.000000
v -1.200000 2.000000 0.100000
v -1.200000 2.000000 0.200000
v -1.200000 2.100000 0.200000
v -1.200000 2.200000 -0.200000
v -1.200000 2.200000 0.200000
v -1.200000 2.300000 -0.200000
v -1.200000 2.300000 0.200000
v -1.200000 2.400000 -0.200000
v -1.200000 2.400000 -0.100000
v -1.200000 2.400000 0.000000
v -1.200000 2.400000 0.100000
v -1.200000 2.400000 0.200000
v -1.100000 2.000000 -0.200000
v -1.100000 2.100000 -0.200000
v -1.100000 2.000000 -0.100000
v -1.100000 2.000000 0.000000
v -1.100000 2.000000 0.100000
v -1.100000 2.000000 0.200000
v -1.100000 2.100000 0.200000
v -1.100000 2.200000 -0.200000
v -1.100000 2.200000 0.200000
v -1.100000 2.300000 -0.200000
v -1.100000 2.300000 0.200000
v -1.100000 2.400000 -0.200000
v -1.100000 2.400000 -0.100000
v -1.100000 2.400000 0.000000
v -1.100000 2.400000 0.100000
v -1.100000 2.400000 0.200000
v -1.000000 2.000000 -0.200000
v -1.000000 2.100000 -0.200000
v -1.000000 2.000000 -0.100000
v -1.000000 2.000000 0.000000
v -1.000000 2.000000 0.100000
v -1.000000 2.000000 0.200000
v -1.000000 2.100000 0.200000
v -1.000000 2.200000 -0.200000
v -1.000000 2.200000 0.200000
v -1.000000 2.300000 -0.200000
v -1.000000 2.300000 0.200000
v -1.000000 2.400000 -0.200000
v -1.000000 2.400000 -0.100000
v -1.000000 2.400000 0.000000
v -1.000000 2.400000 0.100000
v -1.000000 2.400000 0.200000
v -0.900000 2.000000 -0.200000
v -0.900000 2.100000 -0.200000
v -0.900000 2.000000 -0.100000
v -0.900000 2.000000 0.000000
v -0.900000 2.000000 0.100000
v -0.900000 2.000000 0.200000
v -0.900000 2.100000 0.200000
v -0.900000 2.200000 -0.200000
v -0.900000 2.200000 0.200000
v -0.900000 2.300000 -0.200000
v -0.900000 2.300000 0.200000
v -0.900000 2.400000 -0.200000
v -0.900000 2.400000 -0.100000
v -0.900000 2.400000 0.000000
v -0.900000 2.400000 0.100000
v -0.900000 2.400000 0.200000
v -0.800000 2.000000 -0.200000
v -0.800000 2.100000 -0.200000
v -0.800000 2.000000 -0.100000
v -0.800000 2.000000 0.000000
v -0.800000 2.000000 0.100000
v -0.800000 2.000000 0.200000
v -0.800000 2.100000 0.200000
v -0.800000 2.200000 -0.200000
v -0.800000 2.200000 0.200000
v -0.800000 2.300000 -0.200000
v -0.800000 2.300000 0.200000
v -0.800000 2.400000 -0.200000
v -0.800000 2.400000 -0.100000
v -0.800000 2.400000 0.000000
v -0.800000 2.400000 0.100000
v -0.800000 2.400000 0.200000
v -0.700000 2.000000 -0.200000
v -0.700000 2.100000 -0.200000
v -0.700000 2.000000 -0.100000
v -0.700000 2.000000 0.000000
v -0.700000 2.000000 0.100000
v -0.700000 2.000000 0.200000
v -0.700000 2.100000 0.200000
v -0.700000 2.200000 -0.200000
v -0.700000 2.200000 0.200000
v -0.700000 2.300000 -0.200000
v -0.700000 2.300000 0.200000
v -0.700000 2.400000 -0.200000
v -0.700000 2.400000 -0.100000
v -0.700000 2.400000 0.000000
v -0.700000 2.400000 0.100000
v -0.700000 2.400000 0.200000
v -0.600000 2.000000 -0.200000
v -0.600000 2.100000 -0.200000
v -0.600000 2.000000 -0.100000
v -0.600000 2.000000 0.000000
v -0.600000 2.000000 0.100000
v -0.600000 2.000000 0.200000
v -0.600000 2.100000 0.200000
v -0.600000 2.200000 -0.200000
v -0.600000 2.200000 0.200000
v -0.600000 2.300000 -0.200000
v -0.600000 2.300000 0.200000
v -0.600000 2.400000 -0.200000
v -0.600000 2.400000 -0.100000
v -0.600000 2.400000 0.000000
v -0.600000 2.400000 0.100000
v -0.600000 2.400000 0.200000
v -0.500000 2.000000 -0.200000
v -0.500000 2.100000 -0.200000
v -0.500000 2.000000 -0.100000
v -0.500000 2.000000 0.000000
v -0.500000 2.000000 0.100000
v -0.500000 2.000000 0.200000
v -0.500000 2.100000 0.200000
v -0.500000 2.200000 -0.200000
v -0.500000 2.200000 0.200000
v -0.500000 2.300000 -0.200000
v -0.500000 2.300000 0.200000
v -0.500000 2.400000 -0.200000
v -0.500000 2.400000 -0.100000
v -0.500000 2.400000 0.000000
v -0.500000 2.400000 0.100000
v -0.500000 2.400000 0.200000
v 0.500000 2.000000 -0.200000
v 0.500000 2.100000 -0.200000
v 0.500000 2.000000 -0.100000
v 0.500000 2.000000 0.000000
v 0.500000 2.000000 0.100000
v 0.500000 2.000000 0.200000
v 0.500000 2.100000 0.200000
v 0.500000 2.200000 -0.200000
v 0.500000 2.200000 0.200000
v 0.500000 2.300000 -0.200000
v 0.500000 2.300000 0.200000
v 0.500000 2.400000 -0.200000
v 0.500000 2.400000 -0.100000
v 0.500000 2.400000 0.000000
v 0.500000 2.400000 0.100000
v 0.500000 2.400000 0.200000
v 0.600000 2.000000 -0.200000
v 0.600000 2.100000 -0.200000
v 0.600000 2.000000 -0.100000
v 0.600000 2.000000 0.000000
v 0.600000 2.000000 0.100000
v 0.600000 2.000000 0.200000
v 0.600000 2.100000 0.200000
v 0.600000 2.200000 -0.200000
v 0.600000 2.200000 0.200000
v 0.600000 2.300000 -0.200000
v 0.600000 2.300000 0.200000
v 0.600000 2.400000 -0.200000
v 0.600000 2.400000 -0.100000
v 0.600000 2.400000 0.000000
v 0.600000 2.400000 0.100000
v 0.600000 2.400000 0.200000
v 0.700000 2.000000 -0.200000
v 0.700000 2.100000 -0.200000
v 0.700000 2.000000 -0.100000
v 0.700000 2.000000 0.000000
v 0.700000 2.000000 0.100000
v 0.700000 2.000000 0.200000
v 0.700000 2.100000 0.200000
v 0.700000 2.200000 -0.200000
v 0.700000 2.200000 0.200000
v 0.700000 2.300000 -0.200000
v 0.700000 2.300000 0.200000
v 0.700000 2.400000 -0.200000
v 0.700000 2.400000 -0.100000
v 0.700000 2.400000 0.000000
v 0.700000 2.400000 0.100000
v 0.700000 2.400000 0.200000
v 0.800000 2.000000 -0.200000
v 0.800000 2.100000 -0.200000
v 0.800000 2.000000 -0.100000
v 0.800000 2.000000 0.000000
v 0.800000 2.000000 0.100000
v 0.800000 2.000000 0.200000
v 0.800000 2.100000 0.200000
v 0.800000 2.200000 -0.200000
v 0.800000 2.200000 0.200000
v 0.800000 2.300000 -0.200000
v 0.800000 2.300000 0.200000
v 0.800000 2.400000 -0.200000
v 0.800000 2.400000 -0.100000
v 0.800000 2.400000 0.000000
v 0.800000 2.400000 0.100000
v 0.800000 2.400000 0.200000
v 0.900000 2.000000 -0.200000
v 0.900000 2.100000 -0.200000
v 0.900000 2.000000 -0.100000
v 0.900000 2.000000 0.000000
v 0.900000 2.000000 0.100000
v 0.900000 2.000000 0.200000
v 0.900000 2.100000 0.200000
v 0.900000 2.200000 -0.200000
v 0.900000 2.200000 0.200000
v 0.900000 2.300000 -0.200000
v 0.900000 2.300000 0.200000
v 0.900000 2.400000 -0.200000
v 0.900000 2.400000 -0.100000
v 0.900000 2.400000 0.000000
v 0.900000 2.400000 0.100000
v 0.900000 2.400000 0.200000
v 1.000000 2.000000 -0.200000
v 1.000000 2.100000 -0.200000
v 1.000000 2.000000 -0.100000
v 1.000000 2.000000 0.000000
v 1.000000 2.000000 0.100000
v 1.000000 2.000000 0.200000
v 1.000000 2.100000 0.200000
v 1.000000 2.200000 -0.200000
v 1.000000 2.200000 0.200000
v 1.000000 2.300000 -0.200000
v 1.000000 2.300000 0.200000
v 1.000000 2.400000 -0.200000
v 1.000000 2.400000 -0.100000
v 1.000000 2.400000 0.000000
v 1.000000 2.400000 0.100000
v 1.000000 2.400000 0.200000
v 1.100000 2.000000 -0.200000
v 1.100000 2.100000 -0.200000
v 1.100000 2.000000 -0.100000
v 1.100000 2.000000 0.000000
v 1.100000 2.000000 0.100000
v 1.100000 2.000000 0.200000
v 1.100000 2.100000 0.200000
v 1.100000 2.200000 -0.200000
v 1.100000 2.200000 0.200000
v 1.100000 2.300000 -0.200000
v 1.100000 2.300000 0.200000
v 1.100000 2.400000 -0.200000
v 1.100000 2.400000 -0.100000
v 1.100000 2.400000 0.000000
v 1.100000 2.400000 0.100000
v 1.100000 2.400000 0.200000
v 1.200000 2.000000 -0.200000
v 1.200000 2.100000 -0.200000
v 1.200000 2.000000 -0.100000
v 1.200000 2.000000 0.000000
v 1.200000 2.000000 0.100000
v 1.200000 2.000000 0.200000
v 1.200000 2.100000 0.200000
v 1.200000 2.200000 -0.200000
v 1.200000 2.200000 0.200000
v 1.200000 2.300000 -0.200000
v 1.200000 2.300000 0.200000
v 1.200000 2.400000 -0.200000
v 1.200000 2.400000 -0.100000
v 1.200000 2.400000 0.000000
v 1.200000 2.400000 0.100000
v 1.200000 2.400000 0.200000
v 1.300000 2.000000 -0.200000
v 1.300000 2.100000 -0.200000
v 1.300000 2.000000 -0.100000
v 1.300000 2.000000 0.000000
v 1.300000 2.000000 0.100000
v 1.300000 2.000000 0.200000
v 1.300000 2.100000 0.200000
v 1.300000 2.200000 -0.200000
v 1.300000 2.200000 0.200000
v 1.300000 2.300000 -0.200000
v 1.300000 2.300000 0.200000
v 1.300000 2.400000 -0.200000
v 1.300000 2.400000 -0.100000
v 1.300000 2.400000 0.000000
v 1.300000 2.400000 0.100000
v 1.300000 2.400000 0.200000
v 1.400000 2.000000 -0.200000
v 1.400000 2.100000 -0.200000
v 1.400000 2.000000 -0.100000
v 1.400000 2.000000 0.000000
v 1.400000 2.000000 0.100000
v 1.400000 2.000000 0.200000
v 1.400000 2.100000 0.200000
v 1.400000 2.200000 -0.200000
v 1.400000 2.200000 0.200000
v 1.400000 2.300000 -0.200000
v 1.400000 2.300000 0.200000
v 1.400000 2.400000 -0.200000
v 1.400000 2.400000 -0.100000
v 1.400000 2.400000 0.000000
v 1.400000 2.400000 0.100000
v 1.400000 2.400000 0.200000
v 1.500000 2.000000 -0.200000
v 1.500000 2.100000 -0.200000
v 1.500000 2.000000 -0.100000
v 1.500000 2.000000 0.000000
v 1.500000 2.000000 0.100000
v 1.500000 2.000000 0.200000
v 1.500000 2.100000 0.200000
v 1.500000 2.200000 -0.200000
v 1.500000 2.200000 0.200000
v 1.500000 2.300000 -0.200000
v 1.500000 2.300000 0.200000
v 1.500000 2.400000 -0.200000
v 1.500000 2.400000 -0.100000
v 1.500000 2.400000 0.000000
v 1.500000 2.400000 0.100000
v 1.500000 2.400000 0.200000
v 1.600000 2.000000 -0.200000
v 1.600000 2.100000 -0.200000
v 1.600000 2.000000 -0.100000
v 1.600000 2.100000 -0.100000
v 1.600000 2.000000 0.000000
v 1.600000 2.100000 0.000000
v 1.600000 2.000000 0.100000
v 1.600000 2.100000 0.100000
v 1.600000 2.000000 0.200000
v 1.600000 2.100000 0.200000
v 1.600000 2.200000 -0.200000
v 1.600000 2.200000 -0.100000
v 1.600000 2.200000 0.000000
v 1.600000 2.200000 0.100000
v 1.600000 2.200000 0.200000
v 1.600000 2.300000 -0.200000
v 1.600000 2.300000 -0.100000
v 1.600000 2.300000 0.000000
v 1.600000 2.300000 0.100000
v 1.600000 2.300000 0.200000
v 1.600000 2.400000 -0.200000
v 1.600000 2.400000 -0.100000
v 1.600000 2.400000 0.000000
v 1.600000 2.400000 0.100000
v 1.600000 2.400000 0.200000
v -0.300000 0.000000 -0.200000
v -0.400000 0.000000 -0.200000
v -0.400000 0.100000 -0.200000
v -0.300000 0.100000 -0.200000
v -0.400000 0.000000 -0.100000
v -0.400000 0.100000 -0.100000
v -0.300000 0.000000 -0.100000
v -0.400000 0.000000 0.000000
v -0.400000 0.100000 0.000000
v -0.300000 0.000000 0.000000
v -0.400000 0.000000 0.100000
v -0.400000 0.100000 0.100000
v -0.300000 0.000000 0.100000
v -0.400000 0.000000 0.200000
v -0.300000 0.000000 0.200000
v -0.300000 0.100000 0.200000
v -0.400000 0.100000 0.200000
v -0.400000 0.200000 -0.200000
v -0.300000 0.200000 -0.200000
v -0.400000 0.200000 -0.100000
v -0.400000 0.200000 0.000000
v -0.400000 0.200000 0.100000
v -0.300000 0.200000 0.200000
v -0.400000 0.200000 0.200000
v -0.400000 0.300000 -0.200000
v -0.300000 0.300000 -0.200000
v -0.400000 0.300000 -0.100000
v -0.400000 0.300000 0.000000
v -0.400000 0.300000 0.100000
v -0.300000 0.300000 0.200000
v -0.400000 0.300000 0.200000
v -0.400000 0.400000 -0.200000
v -0.300000 0.400000 -0.200000
v -0.400000 0.400000 -0.100000
v -0.400000 0.400000 0.000000
v -0.400000 0.400000 0.100000
v -0.300000 0.400000 0.200000
v -0.400000 0.400000 0.200000
v -0.400000 0.500000 -0.200000
v -0.300000 0.500000 -0.200000
v -0.400000 0.500000 -0.100000
v -0.400000 0.500000 0.000000
v -0.400000 0.500000 0.100000
v -0.300000 0.500000 0.200000
v -0.400000 0.500000 0.200000
v -0.400000 0.600000 -0.200000
v -0.300000 0.600000 -0.200000
v -0.400000 0.600000 -0.100000
v -0.400000 0.600000 0.000000
v -0.400000 0.600000 0.100000
v -0.300000 0.600000 0.200000
v -0.400000 0.600000 0.200000
v -0.400000 0.700000 -0.200000
v -0.300000 0.700000 -0.200000
v -0.400000 0.700000 -0.100000
v -0.400000 0.700000 0.000000
v -0.400000 0.700000 0.100000
v -0.300000 0.700000 0.200000
v -0.400000 0.700000 0.200000
v -0.400000 0.800000 -0.200000
v -0.300000 0.800000 -0.200000
v -0.400000 0.800000 -0.100000
v -0.400000 0.800000 0.000000
v -0.400000 0.800000 0.100000
v -0.300000 0.800000 0.200000
v -0.400000 0.800000 0.200000
v -0.400000 0.900000 -0.200000
v -0.300000 0.900000 -0.200000
v -0.400000 0.900000 -0.100000
v -0.400000 0.900000 0.000000
v -0.400000 0.900000 0.100000
v -0.300000 0.900000 0.200000
v -0.400000 0.900000 0.200000
v -0.400000 1.000000 -0.200000
v -0.300000 1.000000 -0.200000
v -0.400000 1.000000 -0.100000
v -0.400000 1.000000 0.000000
v -0.400000 1.000000 0.100000
v -0.300000 1.000000 0.200000
v -0.400000 1.000000 0.200000
v -0.400000 1.100000 -0.200000
v -0.300000 1.100000 -0.200000
v -0.400000 1.100000 -0.100000
v -0.400000 1.100000 0.000000
v -0.400000 1.100000 0.100000
v -0.300000 1.100000 0.200000
v -0.400000 1.100000 0.200000
v -0.200000 0.000000 -0.200000
v -0.200000 0.100000 -0.200000
v -0.200000 0.000000 -0.100000
v -0.200000 0.000000 0.000000
v -0.200000 0.000000 0.100000
v -0.200000 0.000000 0.200000
v -0.200000 0.100000 0.200000
v -0.200000 0.200000 -0.200000
v -0.200000 0.200000 0.200000
v -0.200000 0.300000 -0.200000
v -0.200000 0.300000 0.200000
v -0.200000 0.400000 -0.200000
v -0.200000 0.400000 0.200000
v -0.200000 0.500000 -0.200000
v -0.200000 0.500000 0.200000
v -0.200000 0.600000 -0.200000
v -0.200000 0.600000 0.200000
v -0.200000 0.700000 -0.200000
v -0.200000 0.700000 0.200000
v -0.200000 0.800000 -0.200000
v -0.200000 0.800000 0.200000
v -0.200000 0.900000 -0.200000
v -0.200000 0.900000 0.200000
v -0.200000 1.000000 -0.200000
v -0.200000 1.000000 0.200000
v -0.200000 1.100000 -0.200000
v -0.200000 1.100000 0.200000
v -0.100000 0.000000 -0.200000
v -0.100000 0.100000 -0.200000
v -0.100000 0.000000 -0.100000
v -0.100000 0.000000 0.000000
v -0.100000 0.000000 0.100000
v -0.100000 0.000000 0.200000
v -0.100000 0.100000 0.200000
v -0.100000 0.200000 -0.200000
v -0.100000 0.200000 0.200000
v -0.100000 0.300000 -0.200000
v -0.100000 0.300000 0.200000
v -0.100000 0.400000 -0.200000
v -0.100000 0.400000 0.200000
v -0.100000 0.500000 -0.200000
v -0.100000 0.500000 0.200000
v -0.100000 0.600000 -0.200000
v -0.100000 0.600000 0.200000
v -0.100000 0.700000 -0.200000
v -0.100000 0.700000 0.200000
v -0.100000 0.800000 -0.200000
v -0.100000 0.800000 0.200000
v -0.100000 0.900000 -0.200000
v -0.100000 0.900000 0.200000
v -0.100000 1.000000 -0.200000
v -0.100000 1.000000 0.200000
v -0.100000 1.100000 -0.200000
v -0.100000 1.100000 0.200000
v 0.000000 0.000000 -0.200000
v 0.000000 0.100000 -0.200000
v 0.000000 0.000000 -0.100000
v 0.000000 0.000000 0.000000
v 0.000000 0.000000 0.100000
v 0.000000 0.000000 0.200000
v 0.000000 0.100000 0.200000
v 0.000000 0.200000 -0.200000
v 0.000000 0.200000 0.200000
v 0.000000 0.300000 -0.200000
v 0.000000 0.300000 0.200000
v 0.000000 0.400000 -0.200000
v 0.000000 0.400000 0.200000
v 0.000000 0.500000 -0.200000
v 0.000000 0.500000 0.200000
v 0.000000 0.600000 -0.200000
v 0.000000 0.600000 0.200000
v 0.000000 0.700000 -0.200000
v 0.000000 0.700000 0.200000
v 0.000000 0.800000 -0.200000
v 0.000000 0.800000 0.200000
v 0.000000 0.900000 -0.200000
v 0.000000 0.900000 0.200000
v 0.000000 1.000000 -0.200000
v 0.000000 1.000000 0.200000
v 0.000000 1.100000 -0.200000
v 0.000000 1.100000 0.200000
v 0.100000 0.000000 -0.200000
v 0.100000 0.100000 -0.200000
v 0.100000 0.000000 -0.100000
v 0.100000 0.000000 0.000000
v 0.100000 0.000000 0.100000
v 0.100000 0.000000 0.200000
v 0.100000 0.100000 0.200000
v 0.100000 0.200000 -0.200000
v 0.100000 0.200000 0.200000
v 0.100000 0.300000 -0.200000
v 0.100000 0.300000 0.200000
v 0.100000 0.400000 -0.200000
v 0.100000 0.400000 0.200000
v 0.100000 0.500000 -0.200000
v 0.100000 0.500000 0.200000
v 0.100000 0.600000 -0.200000
v 0.100000 0.600000 0.200000
v 0.100000 0.700000 -0.200000
v 0.100000 0.700000 0.200000
v 0.100000 0.800000 -0.200000
v 0.100000 0.800000 0.200000
v 0.100000 0.900000 -0.200000
v 0.100000 0.900000 0.200000
v 0.100000 1.000000 -0.200000
v 0.100000 1.000000 0.200000
v 0.100000 1.100000 -0.200000
v 0.100000 1.100000 0.200000
v 0.200000 0.000000 -0.200000
v 0.200000 0.100000 -0.200000
v 0.200000 0.000000 -0.100000
v 0.200000 0.000000 0.000000
v 0.200000 0.000000 0.100000
v 0.200000 0.000000 0.200000
v 0.200000 0.100000 0.200000
v 0.200000 0.200000 -0.200000
v 0.200000 0.200000 0.200000
v 0.200000 0.300000 -0.200000
v 0.200000 0.300000 0.200000
v 0.200000 0.400000 -0.200000
v 0.200000 0.400000 0.200000
v 0.200000 0.500000 -0.200000
v 0.200000 0.500000 0.200000
v 0.200000 0.600000 -0.200000
v 0.200000 0.600000 0.200000
v 0.200000 0.700000 -0.200000
v 0.200000 0.700000 0.200000
v 0.200000 0.800000 -0.200000
v 0.200000 0.800000 0.200000
v 0.200000 0.900000 -0.200000
v 0.200000 0.900000 0.200000
v 0.200000 1.000000 -0.200000
v 0.200000 1.000000 0.200000
v 0.200000 1.100000 -0.200000
v 0.200000 1.100000 0.200000
v 0.300000 0.000000 -0.200000
v 0.300000 0.100000 -0.200000
v 0.300000 0.000000 -0.100000
v 0.300000 0.000000 0.000000
v 0.300000 0.000000 0.100000
v 0.300000 0.000000 0.200000
v 0.300000 0.100000 0.200000
v 0.300000 0.200000 -0.200000
v 0.300000 0.200000 0.200000
v 0.300000 0.300000 -0.200000
v 0.300000 0.300000 0.200000
v 0.300000 0.400000 -0.200000
v 0.300000 0.400000 0.200000
v 0.300000 0.500000 -0.200000
v 0.300000 0.500000 0.200000
v 0.300000 0.600000 -0.200000
v 0.300000 0.600000 0.200000
v 0.300000 0.700000 -0.200000
v 0.300000 0.700000 0.200000
v 0.300000 0.800000 -0.200000
v 0.300000 0.800000 0.200000
v 0.300000 0.900000 -0.200000
v 0.300000 0.900000 0.200000
v 0.300000 1.000000 -0.200000
v 0.300000 1.000000 0.200000
v 0.300000 1.100000 -0.200000
v 0.300000 1.100000 0.200000
v 0.400000 0.000000 -0.200000
v 0.400000 0.100000 -0.200000
v 0.400000 0.000000 -0.100000
v 0.400000 0.100000 -0.100000
v 0.400000 0.000000 0.000000
v 0.400000 0.100000 0.000000
v 0.400000 0.000000 0.100000
v 0.400000 0.100000 0.100000
v 0.400000 0.000000 0.200000
v 0.400000 0.100000 0.200000
v 0.400000 0.200000 -0.200000
v 0.400000 0.200000 -0.100000
v 0.400000 0.200000 0.000000
v 0.400000 0.200000 0.100000
v 0.400000 0.200000 0.200000
v 0.400000 0.300000 -0.200000
v 0.400000 0.300000 -0.100000
v 0.400000 0.300000 0.000000
v 0.400000 0.300000 0.100000
v 0.400000 0.300000 0.200000
v 0.400000 0.400000 -0.200000
v 0.400000 0.400000 -0.100000
v 0.400000 0.400000 0.000000
v 0.400000 0.400000 0.100000
v 0.400000 0.400000 0.200000
v 0.400000 0.500000 -0.200000
v 0.400000 0.500000 -0.100000
v 0.400000 0.500000 0.000000
v 0.400000 0.500000 0.100000
v 0.400000 0.500000 0.200000
v 0.400000 0.600000 -0.200000
v 0.400000 0.600000 -0.100000
v 0.400000 0.600000 0.000000
v 0.400000 0.600000 0.100000
v 0.400000 0.600000 0.200000
v 0.400000 0.700000 -0.200000
v 0.400000 0.700000 -0.100000
v 0.400000 0.700000 0.000000
v 0.400000 0.700000 0.100000
v 0.400000 0.700000 0.200000
v 0.400000 0.800000 -0.200000
v 0.400000 0.800000 -0.100000
v 0.400000 0.800000 0.000000
v 0.400000 0.800000 0.100000
v 0.400000 0.800000 0.200000
v 0.400000 0.900000 -0.200000
v 0.400000 0.900000 -0.100000
v 0.400000 0.900000 0.000000
v 0.400000 0.900000 0.100000
v 0.400000 0.900000 0.200000
v 0.400000 1.000000 -0.200000
v 0.400000 1.000000 -0.100000
v 0.400000 1.000000 0.000000
v 0.400000 1.000000 0.100000
v 0.400000 1.000000 0.200000
v 0.400000 1.100000 -0.200000
v 0.400000 1.100000 -0.100000
v 0.400000 1.100000 0.000000
v 0.400000 1.100000 0.100000
v 0.400000 1.100000 0.200000
vt 0.48437500 0.75000000
vt 0.50000000 0.75000000
vt 0.50000000 0.76562500
vt 0.48437500 0.76562500
vt 0.00000000 0.75000000
vt 0.01562500 0.75000000
vt 0.01562500 0.76562500
vt 0.00000000 0.76562500
vt 0.25000000 1.00000000
vt 0.26562500 1.00000000
vt 0.26562500 0.98437500
vt 0.25000000 0.98437500
vt 0.01562500 0.75000000
vt 0.03125000 0.75000000
vt 0.03125000 0.76562500
vt 0.01562500 0.76562500
vt 0.25000000 0.98437500
vt 0.26562500 0.98437500
vt 0.26562500 0.96875000
vt 0.25000000 0.96875000
vt 0.03125000 0.75000000
vt 0.04687500 0.75000000
vt 0.04687500 0.76562500
vt 0.03125000 0.76562500
vt 0.04687500 0.75000000
vt 0.06250000 0.75000000
vt 0.06250000 0.76562500
vt 0.04687500 0.76562500
vt 0.06250000 0.75000000
vt 0.07812500 0.75000000
vt 0.07812500 0.76562500
vt 0.06250000 0.76562500
vt 0.07812500 0.75000000
vt 0.09375000 0.75000000
vt 0.09375000 0.76562500
vt 0.07812500 0.76562500
vt 0.09375000 0.75000000
vt 0.10937500 0.75000000
vt 0.10937500 0.76562500
vt 0.09375000 0.76562500
vt 0.25000000 0.90625000
vt 0.26562500 0.90625000
vt 0.26562500 0.89062500
vt 0.25000000 0.89062500
vt 0.12500000 0.75000000
vt 0.14062500 0.75000000
vt 0.14062500 0.76562500
vt 0.12500000 0.76562500
vt 0.10937500 0.75000000
vt 0.12500000 0.75000000
vt 0.12500000 0.76562500
vt 0.10937500 0.76562500
vt 0.25000000 0.89062500
vt 0.26562500 0.89062500
vt 0.26562500 0.87500000
vt 0.25000000 0.87500000
vt 0.48437500 0.76562500
vt 0.50000000 0.76562500
vt 0.50000000 0.78125000
vt 0.48437500 0.78125000
vt 0.00000000 0.76562500
vt 0.01562500 0.76562500
vt 0.01562500 0.78125000
vt 0.00000000 0.78125000
vt 0.01562500 0.76562500
vt 0.03125000 0.76562500
vt 0.03125000 0.78125000
vt 0.01562500 0.78125000
vt 0.03125000 0.76562500
vt 0.04687500 0.76562500
vt 0.04687500 0.78125000
vt 0.03125000 0.78125000
vt 0.04687500 0.76562500
vt 0.06250000 0.76562500
vt 0.06250000 0.78125000
vt 0.04687500 0.78125000
vt 0.06250000 0.76562500
vt 0.07812500 0.76562500
vt 0.07812500 0.78125000
vt 0.06250000 0.78125000
vt 0.07812500 0.76562500
vt 0.09375000 0.76562500
vt 0.09375000 0.78125000
vt 0.07812500 0.78125000
vt 0.09375000 0.76562500
vt 0.10937500 0.76562500
vt 0.10937500 0.78125000
vt 0.09375000 0.78125000
vt 0.12500000 0.76562500
vt 0.14062500 0.76562500
vt 0.14062500 0.78125000
vt 0.12500000 0.78125000
vt 0.10937500 0.76562500
vt 0.12500000 0.76562500
vt 0.12500000 0.78125000
vt 0.10937500 0.78125000
vt 0.48437500 0.78125000
vt 0.50000000 0.78125000
vt 0.50000000 0.79687500
vt 0.48437500 0.79687500
vt 0.00000000 0.78125000
vt 0.01562500 0.78125000
vt 0.01562500 0.79687500
vt 0.00000000 0.79687500
vt 0.01562500 0.78125000
vt 0.03125000 0.78125000
vt 0.03125000 0.79687500
vt 0.01562500 0.79687500
vt 0.03125000 0.78125000
vt 0.04687500 0.78125000
vt 0.04687500 0.79687500
vt 0.03125000 0.79687500
vt 0.04687500 0.78125000
vt 0.06250000 0.78125000
vt 0.06250000 0.79687500
vt 0.04687500 0.79687500
vt 0.06250000 0.78125000
vt 0.07812500 0.78125000
vt 0.07812500 0.79687500
vt 0.06250000 0.79687500
vt 0.07812500 0.78125000
vt 0.09375000 0.78125000
vt 0.09375000 0.79687500
vt 0.07812500 0.79687500
vt 0.09375000 0.78125000
vt 0.10937500 0.78125000
vt 0.10937500 0.79687500
vt 0.09375000 0.79687500
vt 0.12500000 0.78125000
vt 0.14062500 0.78125000
vt 0.14062500 0.79687500
vt 0.12500000 0.79687500
vt 0.10937500 0.78125000
vt 0.12500000 0.78125000
vt 0.12500000 0.79687500
vt 0.10937500 0.79687500
vt 0.48437500 0.79687500
vt 0.50000000 0.79687500
vt 0.50000000 0.81250000
vt 0.48437500 0.81250000
vt 0.00000000 0.79687500
vt 0.01562500 0.79687500
vt 0.01562500 0.81250000
vt 0.00000000 0.81250000
vt 0.01562500 0.79687500
vt 0.03125000 0.79687500
vt 0.03125000 0.81250000
vt 0.01562500 0.81250000
vt 0.03125000 0.79687500
vt 0.04687500 0.79687500
vt 0.04687500 0.81250000
vt 0.03125000 0.81250000
vt 0.04687500 0.79687500
vt 0.06250000 0.79687500
vt 0.06250000 0.81250000
vt 0.04687500 0.81250000
vt 0.06250000 0.79687500
vt 0.07812500 0.79687500
vt 0.07812500 0.81250000
vt 0.06250000 0.81250000
vt 0.07812500 0.79687500
vt 0.09375000 0.79687500
vt 0.09375000 0.81250000
vt 0.07812500 0.81250000
vt 0.09375000 0.79687500
vt 0.10937500 0.79687500
vt 0.10937500 0.81250000
vt 0.09375000 0.81250000
vt 0.12500000 0.79687500
vt 0.14062500 0.79687500
vt 0.14062500 0.81250000
vt 0.12500000 0.81250000
vt 0.10937500 0.79687500
vt 0.12500000 0.79687500
vt 0.12500000 0.81250000
vt 0.10937500 0.81250000
vt 0.48437500 0.81250000
vt 0.50000000 0.81250000
vt 0.50000000 0.82812500
vt 0.48437500 0.82812500
vt 0.00000000 0.81250000
vt 0.01562500 0.81250000
vt 0.01562500 0.82812500
vt 0.00000000 0.82812500
vt 0.01562500 0.81250000
vt 0.03125000 0.81250000
vt 0.03125000 0.82812500
vt 0.01562500 0.82812500
vt 0.03125000 0.81250000
vt 0.04687500 0.81250000
vt 0.04687500 0.82812500
vt 0.03125000 0.82812500
vt 0.04687500 0.81250000
vt 0.06250000 0.81250000
vt 0.06250000 0.82812500
vt 0.04687500 0.82812500
vt 0.06250000 0.81250000
vt 0.07812500 0.81250000
vt 0.07812500 0.82812500
vt 0.06250000 0.82812500
vt 0.07812500 0.81250000
vt 0.09375000 0.81250000
vt 0.09375000 0.82812500
vt 0.07812500 0.82812500
vt 0.09375000 0.81250000
vt 0.10937500 0.81250000
vt 0.10937500 0.82812500
vt 0.09375000 0.82812500
vt 0.12500000 0.81250000
vt 0.14062500 0.81250000
vt 0.14062500 0.82812500
vt 0.12500000 0.82812500
vt 0.10937500 0.81250000
vt 0.12500000 0.81250000
vt 0.12500000 0.82812500
vt 0.10937500 0.82812500
vt 0.48437500 0.82812500
vt 0.50000000 0.82812500
vt 0.50000000 0.84375000
vt 0.48437500 0.84375000
vt 0.00000000 0.82812500
vt 0.01562500 0.82812500
vt 0.01562500 0.84375000
vt 0.00000000 0.84375000
vt 0.01562500 0.82812500
vt 0.03125000 0.82812500
vt 0.03125000 0.84375000
vt 0.01562500 0.84375000
vt 0.03125000 0.82812500
vt 0.04687500 0.82812500
vt 0.04687500 0.84375000
vt 0.03125000 0.84375000
vt 0.04687500 0.82812500
vt 0.06250000 0.82812500
vt 0.06250000 0.84375000
vt 0.04687500 0.84375000
vt 0.06250000 0.82812500
vt 0.07812500 0.82812500
vt 0.07812500 0.84375000
vt 0.06250000 0.84375000
vt 0.07812500 0.82812500
vt 0.09375000 0.82812500
vt 0.09375000 0.84375000
vt 0.07812500 0.84375000
vt 0.09375000 0.82812500
vt 0.10937500 0.82812500
vt 0.10937500 0.84375000
vt 0.09375000 0.84375000
vt 0.12500000 0.82812500
vt 0.14062500 0.82812500
vt 0.14062500 0.84375000
vt 0.12500000 0.84375000
vt 0.10937500 0.82812500
vt 0.12500000 0.82812500
vt 0.12500000 0.84375000
vt 0.10937500 0.84375000
vt 0.48437500 0.84375000
vt 0.50000000 0.84375000
vt 0.50000000 0.85937500
vt 0.48437500 0.85937500
vt 0.00000000 0.84375000
vt 0.01562500 0.84375000
vt 0.01562500 0.85937500
vt 0.00000000 0.85937500
vt 0.01562500 0.84375000
vt 0.03125000 0.84375000
vt 0.03125000 0.85937500
vt 0.01562500 0.85937500
vt 0.03125000 0.84375000
vt 0.04687500 0.84375000
vt 0.04687500 0.85937500
vt 0.03125000 0.85937500
vt 0.04687500 0.84375000
vt 0.06250000 0.84375000
vt 0.06250000 0.85937500
vt 0.04687500 0.85937500
vt 0.06250000 0.84375000
vt 0.07812500 0.84375000
vt 0.07812500 0.85937500
vt 0.06250000 0.85937500
vt 0.07812500 0.84375000
vt 0.09375000 0.84375000
vt 0.09375000 0.85937500
vt 0.07812500 0.85937500
vt 0.09375000 0.84375000
vt 0.10937500 0.84375000
vt 0.10937500 0.85937500
vt 0.09375000 0.85937500
vt 0.12500000 0.84375000
vt 0.14062500 0.84375000
vt 0.14062500 0.85937500
vt 0.12500000 0.85937500
vt 0.10937500 0.84375000
vt 0.12500000 0.84375000
vt 0.12500000 0.85937500
vt 0.10937500 0.85937500
vt 0.48437500 0.85937500
vt 0.50000000 0.85937500
vt 0.50000000 0.87500000
vt 0.48437500 0.87500000
vt 0.00000000 0.85937500
vt 0.01562500 0.85937500
vt 0.01562500 0.87500000
vt 0.00000000 0.87500000
vt 0.12500000 0.89062500
vt 0.14062500 0.89062500
vt 0.14062500 0.87500000
vt 0.12500000 0.87500000
vt 0.01562500 0.85937500
vt 0.03125000 0.85937500
vt 0.03125000 0.87500000
vt 0.01562500 0.87500000
vt 0.12500000 0.90625000
vt 0.14062500 0.90625000
vt 0.14062500 0.89062500
vt 0.12500000 0.89062500
vt 0.03125000 0.85937500
vt 0.04687500 0.85937500
vt 0.04687500 0.87500000
vt 0.03125000 0.87500000
vt 0.12500000 0.92187500
vt 0.14062500 0.92187500
vt 0.14062500 0.90625000
vt 0.12500000 0.90625000
vt 0.04687500 0.85937500
vt 0.06250000 0.85937500
vt 0.06250000 0.87500000
vt 0.04687500 0.87500000
vt 0.12500000 0.93750000
vt 0.14062500 0.93750000
vt 0.14062500 0.92187500
vt 0.12500000 0.92187500
vt 0.06250000 0.85937500
vt 0.07812500 0.85937500
vt 0.07812500 0.87500000
vt 0.06250000 0.87500000
vt 0.12500000 0.95312500
vt 0.14062500 0.95312500
vt 0.14062500 0.93750000
vt 0.12500000 0.93750000
vt 0.07812500 0.85937500
vt 0.09375000 0.85937500
vt 0.09375000 0.87500000
vt 0.07812500 0.87500000
vt 0.12500000 0.96875000
vt 0.14062500 0.96875000
vt 0.14062500 0.95312500
vt 0.12500000 0.95312500
vt 0.09375000 0.85937500
vt 0.10937500 0.85937500
vt 0.10937500 0.87500000
vt 0.09375000 0.87500000
vt 0.12500000 0.98437500
vt 0.14062500 0.98437500
vt 0.14062500 0.96875000
vt 0.12500000 0.96875000
vt 0.12500000 0.85937500
vt 0.14062500 0.85937500
vt 0.14062500 0.87500000
vt 0.12500000 0.87500000
vt 0.10937500 0.85937500
vt 0.12500000 0.85937500
vt 0.12500000 0.87500000
vt 0.10937500 0.87500000
vt 0.12500000 1.00000000
vt 0.14062500 1.00000000
vt 0.14062500 0.98437500
vt 0.12500000 0.98437500
vt 0.46875000 0.75000000
vt 0.48437500 0.75000000
vt 0.48437500 0.76562500
vt 0.46875000 0.76562500
vt 0.26562500 1.00000000
vt 0.28125000 1.00000000
vt 0.28125000 0.98437500
vt 0.26562500 0.98437500
vt 0.26562500 0.98437500
vt 0.28125000 0.98437500
vt 0.28125000 0.96875000
vt 0.26562500 0.96875000
vt 0.26562500 0.90625000
vt 0.28125000 0.90625000
vt 0.28125000 0.89062500
vt 0.26562500 0.89062500
vt 0.14062500 0.75000000
vt 0.15625000 0.75000000
vt 0.15625000 0.76562500
vt 0.14062500 0.76562500
vt 0.26562500 0.89062500
vt 0.28125000 0.89062500
vt 0.28125000 0.87500000
vt 0.26562500 0.87500000
vt 0.46875000 0.76562500
vt 0.48437500 0.76562500
vt 0.48437500 0.78125000
vt 0.46875000 0.78125000
vt 0.14062500 0.76562500
vt 0.15625000 0.76562500
vt 0.15625000 0.78125000
vt 0.14062500 0.78125000
vt 0.46875000 0.78125000
vt 0.48437500 0.78125000
vt 0.48437500 0.79687500
vt 0.46875000 0.79687500
vt 0.14062500 0.78125000
vt 0.15625000 0.78125000
vt 0.15625000 0.79687500
vt 0.14062500 0.79687500
vt 0.46875000 0.79687500
vt 0.48437500 0.79687500
vt 0.48437500 0.81250000
vt 0.46875000 0.81250000
vt 0.14062500 0.79687500
vt 0.15625000 0.79687500
vt 0.15625000 0.81250000
vt 0.14062500 0.81250000
vt 0.46875000 0.81250000
vt 0.48437500 0.81250000
vt 0.48437500 0.82812500
vt 0.46875000 0.82812500
vt 0.14062500 0.81250000
vt 0.15625000 0.81250000
vt 0.15625000 0.82812500
vt 0.14062500 0.82812500
vt 0.46875000 0.82812500
vt 0.48437500 0.82812500
vt 0.48437500 0.84375000
vt 0.46875000 0.84375000
vt 0.14062500 0.82812500
vt 0.15625000 0.82812500
vt 0.15625000 0.84375000
vt 0.14062500 0.84375000
vt 0.46875000 0.84375000
vt 0.48437500 0.84375000
vt 0.48437500 0.85937500
vt 0.46875000 0.85937500
vt 0.14062500 0.84375000
vt 0.15625000 0.84375000
vt 0.15625000 0.85937500
vt 0.14062500 0.85937500
vt 0.46875000 0.85937500
vt 0.48437500 0.85937500
vt 0.48437500 0.87500000
vt 0.46875000 0.87500000
vt 0.14062500 0.89062500
vt 0.15625000 0.89062500
vt 0.15625000 0.87500000
vt 0.14062500 0.87500000
vt 0.14062500 0.90625000
vt 0.15625000 0.90625000
vt 0.15625000 0.89062500
vt 0.14062500 0.89062500
vt 0.14062500 0.92187500
vt 0.15625000 0.92187500
vt 0.15625000 0.90625000
vt 0.14062500 0.90625000
vt 0.14062500 0.93750000
vt 0.15625000 0.93750000
vt 0.15625000 0.92187500
vt 0.14062500 0.92187500
vt 0.14062500 0.95312500
vt 0.15625000 0.95312500
vt 0.15625000 0.93750000
vt 0.14062500 0.93750000
vt 0.14062500 0.96875000
vt 0.15625000 0.96875000
vt 0.15625000 0.95312500
vt 0.14062500 0.95312500
vt 0.14062500 0.98437500
vt 0.15625000 0.98437500
vt 0.15625000 0.96875000
vt 0.14062500 0.96875000
vt 0.14062500 0.85937500
vt 0.15625000 0.85937500
vt 0.15625000 0.87500000
vt 0.14062500 0.87500000
vt 0.14062500 1.00000000
vt 0.15625000 1.00000000
vt 0.15625000 0.98437500
vt 0.14062500 0.98437500
vt 0.45312500 0.75000000
vt 0.46875000 0.75000000
vt 0.46875000 0.76562500
vt 0.45312500 0.76562500
vt 0.28125000 1.00000000
vt 0.29687500 1.00000000
vt 0.29687500 0.98437500
vt 0.28125000 0.98437500
vt 0.28125000 0.98437500
vt 0.29687500 0.98437500
vt 0.29687500 0.96875000
vt 0.28125000 0.96875000
vt 0.28125000 0.90625000
vt 0.29687500 0.90625000
vt 0.29687500 0.89062500
vt 0.28125000 0.89062500
vt 0.15625000 0.75000000
vt 0.17187500 0.75000000
vt 0.17187500 0.76562500
vt 0.15625000 0.76562500
vt 0.28125000 0.89062500
vt 0.29687500 0.89062500
vt 0.29687500 0.87500000
vt 0.28125000 0.87500000
vt 0.45312500 0.76562500
vt 0.46875000 0.76562500
vt 0.46875000 0.78125000
vt 0.45312500 0.78125000
vt 0.15625000 0.76562500
vt 0.17187500 0.76562500
vt 0.17187500 0.78125000
vt 0.15625000 0.78125000
vt 0.45312500 0.78125000
vt 0.46875000 0.78125000
vt 0.46875000 0.79687500
vt 0.45312500 0.79687500
vt 0.15625000 0.78125000
vt 0.17187500 0.78125000
vt 0.17187500 0.79687500
vt 0.15625000 0.79687500
vt 0.45312500 0.79687500
vt 0.46875000 0.79687500
vt 0.46875000 0.81250000
vt 0.45312500 0.81250000
vt 0.15625000 0.79687500
vt 0.17187500 0.79687500
vt 0.17187500 0.81250000
vt 0.15625000 0.81250000
vt 0.45312500 0.81250000
vt 0.46875000 0.81250000
vt 0.46875000 0.82812500
vt 0.45312500 0.82812500
vt 0.15625000 0.81250000
vt 0.17187500 0.81250000
vt 0.17187500 0.82812500
vt 0.15625000 0.82812500
vt 0.45312500 0.82812500
vt 0.46875000 0.82812500
vt 0.46875000 0.84375000
vt 0.45312500 0.84375000
vt 0.15625000 0.82812500
vt 0.17187500 0.82812500
vt 0.17187500 0.84375000
vt 0.15625000 0.84375000
vt 0.45312500 0.84375000
vt 0.46875000 0.84375000
vt 0.46875000 0.85937500
vt 0.45312500 0.85937500
vt 0.15625000 0.84375000
vt 0.17187500 0.84375000
vt 0.17187500 0.85937500
vt 0.15625000 0.85937500
vt 0.45312500 0.85937500
vt 0.46875000 0.85937500
vt 0.46875000 0.87500000
vt 0.45312500 0.87500000
vt 0.15625000 0.89062500
vt 0.17187500 0.89062500
vt 0.17187500 0.87500000
vt 0.15625000 0.87500000
vt 0.15625000 0.90625000
vt 0.17187500 0.90625000
vt 0.17187500 0.89062500
vt 0.15625000 0.89062500
vt 0.15625000 0.92187500
vt 0.17187500 0.92187500
vt 0.17187500 0.90625000
vt 0.15625000 0.90625000
vt 0.15625000 0.93750000
vt 0.17187500 0.93750000
vt 0.17187500 0.92187500
vt 0.15625000 0.92187500
vt 0.15625000 0.95312500
vt 0.17187500 0.95312500
vt 0.17187500 0.93750000
vt 0.15625000 0.93750000
vt 0.15625000 0.96875000
vt 0.17187500 0.96875000
vt 0.17187500 0.95312500
vt 0.15625000 0.95312500
vt 0.15625000 0.98437500
vt 0.17187500 0.98437500
vt 0.17187500 0.96875000
vt 0.15625000 0.96875000
vt 0.15625000 0.85937500
vt 0.17187500 0.85937500
vt 0.17187500 0.87500000
vt 0.15625000 0.87500000
vt 0.15625000 1.00000000
vt 0.17187500 1.00000000
vt 0.17187500 0.98437500
vt 0.15625000 0.98437500
vt 0.43750000 0.75000000
vt 0.45312500 0.75000000
vt 0.45312500 0.76562500
vt 0.43750000 0.76562500
vt 0.29687500 1.00000000
vt 0.31250000 1.00000000
vt 0.31250000 0.98437500
vt 0.29687500 0.98437500
vt 0.29687500 0.98437500
vt 0.31250000 0.98437500
vt 0.31250000 0.96875000
vt 0.29687500 0.96875000
vt 0.29687500 0.90625000
vt 0.31250000 0.90625000
vt 0.31250000 0.89062500
vt 0.29687500 0.89062500
vt 0.17187500 0.75000000
vt 0.18750000 0.75000000
vt 0.18750000 0.76562500
vt 0.17187500 0.76562500
vt 0.29687500 0.89062500
vt 0.31250000 0.89062500
vt 0.31250000 0.87500000
vt 0.29687500 0.87500000
vt 0.43750000 0.76562500
vt 0.45312500 0.76562500
vt 0.45312500 0.78125000
vt 0.43750000 0.78125000
vt 0.17187500 0.76562500
vt 0.18750000 0.76562500
vt 0.18750000 0.78125000
vt 0.17187500 0.78125000
vt 0.43750000 0.78125000
vt 0.45312500 0.78125000
vt 0.45312500 0.79687500
vt 0.43750000 0.79687500
vt 0.17187500 0.78125000
vt 0.18750000 0.78125000
vt 0.18750000 0.79687500
vt 0.17187500 0.79687500
vt 0.43750000 0.79687500
vt 0.45312500 0.79687500
vt 0.45312500 0.81250000
vt 0.43750000 0.81250000
vt 0.17187500 0.79687500
vt 0.18750000 0.79687500
vt 0.18750000 0.81250000
vt 0.17187500 0.81250000
vt 0.43750000 0.81250000
vt 0.45312500 0.81250000
vt 0.45312500 0.82812500
vt 0.43750000 0.82812500
vt 0.17187500 0.81250000
vt 0.18750000 0.81250000
vt 0.18750000 0.82812500
vt 0.17187500 0.82812500
vt 0.43750000 0.82812500
vt 0.45312500 0.82812500
vt 0.45312500 0.84375000
vt 0.43750000 0.84375000
vt 0.17187500 0.82812500
vt 0.18750000 0.82812500
vt 0.18750000 0.84375000
vt 0.17187500 0.84375000
vt 0.43750000 0.84375000
vt 0.45312500 0.84375000
vt 0.45312500 0.85937500
vt 0.43750000 0.85937500
vt 0.17187500 0.84375000
vt 0.18750000 0.84375000
vt 0.18750000 0.85937500
vt 0.17187500 0.85937500
vt 0.43750000 0.85937500
vt 0.45312500 0.85937500
vt 0.45312500 0.87500000
vt 0.43750000 0.87500000
vt 0.17187500 0.89062500
vt 0.18750000 0.89062500
vt 0.18750000 0.87500000
vt 0.17187500 0.87500000
vt 0.17187500 0.90625000
vt 0.18750000 0.90625000
vt 0.18750000 0.89062500
vt 0.17187500 0.89062500
vt 0.17187500 0.92187500
vt 0.18750000 0.92187500
vt 0.18750000 0.90625000
vt 0.17187500 0.90625000
vt 0.17187500 0.93750000
vt 0.18750000 0.93750000
vt 0.18750000 0.92187500
vt 0.17187500 0.92187500
vt 0.17187500 0.95312500
vt 0.18750000 0.95312500
vt 0.18750000 0.93750000
vt 0.17187500 0.93750000
vt 0.17187500 0.96875000
vt 0.18750000 0.96875000
vt 0.18750000 0.95312500
vt 0.17187500 0.95312500
vt 0.17187500 0.98437500
vt 0.18750000 0.98437500
vt 0.18750000 0.96875000
vt 0.17187500 0.96875000
vt 0.17187500 0.85937500
vt 0.18750000 0.85937500
vt 0.18750000 0.87500000
vt 0.17187500 0.87500000
vt 0.17187500 1.00000000
vt 0.18750000 1.00000000
vt 0.18750000 0.98437500
vt 0.17187500 0.98437500
vt 0.42187500 0.75000000
vt 0.43750000 0.75000000
vt 0.43750000 0.76562500
vt 0.42187500 0.76562500
vt 0.31250000 1.00000000
vt 0.32812500 1.00000000
vt 0.32812500 0.98437500
vt 0.31250000 0.98437500
vt 0.31250000 0.98437500
vt 0.32812500 0.98437500
vt 0.32812500 0.96875000
vt 0.31250000 0.96875000
vt 0.31250000 0.90625000
vt 0.32812500 0.90625000
vt 0.32812500 0.89062500
vt 0.31250000 0.89062500
vt 0.18750000 0.75000000
vt 0.20312500 0.75000000
vt 0.20312500 0.76562500
vt 0.18750000 0.76562500
vt 0.31250000 0.89062500
vt 0.32812500 0.89062500
vt 0.32812500 0.87500000
vt 0.31250000 0.87500000
vt 0.42187500 0.76562500
vt 0.43750000 0.76562500
vt 0.43750000 0.78125000
vt 0.42187500 0.78125000
vt 0.18750000 0.76562500
vt 0.20312500 0.76562500
vt 0.20312500 0.78125000
vt 0.18750000 0.78125000
vt 0.42187500 0.78125000
vt 0.43750000 0.78125000
vt 0.43750000 0.79687500
vt 0.42187500 0.79687500
vt 0.18750000 0.78125000
vt 0.20312500 0.78125000
vt 0.20312500 0.79687500
vt 0.18750000 0.79687500
vt 0.42187500 0.79687500
vt 0.43750000 0.79687500
vt 0.43750000 0.81250000
vt 0.42187500 0.81250000
vt 0.18750000 0.79687500
vt 0.20312500 0.79687500
vt 0.20312500 0.81250000
vt 0.18750000 0.81250000
vt 0.42187500 0.81250000
vt 0.43750000 0.81250000
vt 0.43750000 0.82812500
vt 0.42187500 0.82812500
vt 0.18750000 0.81250000
vt 0.20312500 0.81250000
vt 0.20312500 0.82812500
vt 0.18750000 0.82812500
vt 0.42187500 0.82812500
vt 0.43750000 0.82812500
vt 0.43750000 0.84375000
vt 0.42187500 0.84375000
vt 0.18750000 0.82812500
vt 0.20312500 0.82812500
vt 0.20312500 0.84375000
vt 0.18750000 0.84375000
vt 0.42187500 0.84375000
vt 0.43750000 0.84375000
vt 0.43750000 0.85937500
vt 0.42187500 0.85937500
vt 0.18750000 0.84375000
vt 0.20312500 0.84375000
vt 0.20312500 0.85937500
vt 0.18750000 0.85937500
vt 0.42187500 0.85937500
vt 0.43750000 0.85937500
vt 0.43750000 0.87500000
vt 0.42187500 0.87500000
vt 0.18750000 0.89062500
vt 0.20312500 0.89062500
vt 0.20312500 0.87500000
vt 0.18750000 0.87500000
vt 0.18750000 0.90625000
vt 0.20312500 0.90625000
vt 0.20312500 0.89062500
vt 0.18750000 0.89062500
vt 0.18750000 0.92187500
vt 0.20312500 0.92187500
vt 0.20312500 0.90625000
vt 0.18750000 0.90625000
vt 0.18750000 0.93750000
vt 0.20312500 0.93750000
vt 0.20312500 0.92187500
vt 0.18750000 0.92187500
vt 0.18750000 0.95312500
vt 0.20312500 0.95312500
vt 0.20312500 0.93750000
vt 0.18750000 0.93750000
vt 0.18750000 0.96875000
vt 0.20312500 0.96875000
vt 0.20312500 0.95312500
vt 0.18750000 0.95312500
vt 0.18750000 0.98437500
vt 0.20312500 0.98437500
vt 0.20312500 0.96875000
vt 0.18750000 0.96875000
vt 0.18750000 0.85937500
vt 0.20312500 0.85937500
vt 0.20312500 0.87500000
vt 0.18750000 0.87500000
vt 0.18750000 1.00000000
vt 0.20312500 1.00000000
vt 0.20312500 0.98437500
vt 0.18750000 0.98437500
vt 0.40625000 0.75000000
vt 0.42187500 0.75000000
vt 0.42187500 0.76562500
vt 0.40625000 0.76562500
vt 0.32812500 1.00000000
vt 0.34375000 1.00000000
vt 0.34375000 0.98437500
vt 0.32812500 0.98437500
vt 0.32812500 0.98437500
vt 0.34375000 0.98437500
vt 0.34375000 0.96875000
vt 0.32812500 0.96875000
vt 0.32812500 0.90625000
vt 0.34375000 0.90625000
vt 0.34375000 0.89062500
vt 0.32812500 0.89062500
vt 0.20312500 0.75000000
vt 0.21875000 0.75000000
vt 0.21875000 0.76562500
vt 0.20312500 0.76562500
vt 0.32812500 0.89062500
vt 0.34375000 0.89062500
vt 0.34375000 0.87500000
vt 0.32812500 0.87500000
vt 0.40625000 0.76562500
vt 0.42187500 0.76562500
vt 0.42187500 0.78125000
vt 0.40625000 0.78125000
vt 0.20312500 0.76562500
vt 0.21875000 0.76562500
vt 0.21875000 0.78125000
vt 0.20312500 0.78125000
vt 0.40625000 0.78125000
vt 0.42187500 0.78125000
vt 0.42187500 0.79687500
vt 0.40625000 0.79687500
vt 0.20312500 0.78125000
vt 0.21875000 0.78125000
vt 0.21875000 0.79687500
vt 0.20312500 0.79687500
vt 0.40625000 0.79687500
vt 0.42187500 0.79687500
vt 0.42187500 0.81250000
vt 0.40625000 0.81250000
vt 0.20312500 0.79687500
vt 0.21875000 0.79687500
vt 0.21875000 0.81250000
vt 0.20312500 0.81250000
vt 0.40625000 0.81250000
vt 0.42187500 0.81250000
vt 0.42187500 0.82812500
vt 0.40625000 0.82812500
vt 0.20312500 0.81250000
vt 0.21875000 0.81250000
vt 0.21875000 0.82812500
vt 0.20312500 0.82812500
vt 0.40625000 0.82812500
vt 0.42187500 0.82812500
vt 0.42187500 0.84375000
vt 0.40625000 0.84375000
vt 0.20312500 0.82812500
vt 0.21875000 0.82812500
vt 0.21875000 0.84375000
vt 0.20312500 0.84375000
vt 0.40625000 0.84375000
vt 0.42187500 0.84375000
vt 0.42187500 0.85937500
vt 0.40625000 0.85937500
vt 0.20312500 0.84375000
vt 0.21875000 0.84375000
vt 0.21875000 0.85937500
vt 0.20312500 0.85937500
vt 0.40625000 0.85937500
vt 0.42187500 0.85937500
vt 0.42187500 0.87500000
vt 0.40625000 0.87500000
vt 0.20312500 0.89062500
vt 0.21875000 0.89062500
vt 0.21875000 0.87500000
vt 0.20312500 0.87500000
vt 0.20312500 0.90625000
vt 0.21875000 0.90625000
vt 0.21875000 0.89062500
vt 0.20312500 0.89062500
vt 0.20312500 0.92187500
vt 0.21875000 0.92187500
vt 0.21875000 0.90625000
vt 0.20312500 0.90625000
vt 0.20312500 0.93750000
vt 0.21875000 0.93750000
vt 0.21875000 0.92187500
vt 0.20312500 0.92187500
vt 0.20312500 0.95312500
vt 0.21875000 0.95312500
vt 0.21875000 0.93750000
vt 0.20312500 0.93750000
vt 0.20312500 0.96875000
vt 0.21875000 0.96875000
vt 0.21875000 0.95312500
vt 0.20312500 0.95312500
vt 0.20312500 0.98437500
vt 0.21875000 0.98437500
vt 0.21875000 0.96875000
vt 0.20312500 0.96875000
vt 0.20312500 0.85937500
vt 0.21875000 0.85937500
vt 0.21875000 0.87500000
vt 0.20312500 0.87500000
vt 0.20312500 1.00000000
vt 0.21875000 1.00000000
vt 0.21875000 0.98437500
vt 0.20312500 0.98437500
vt 0.39062500 0.75000000
vt 0.40625000 0.75000000
vt 0.40625000 0.76562500
vt 0.39062500 0.76562500
vt 0.34375000 1.00000000
vt 0.35937500 1.00000000
vt 0.35937500 0.98437500
vt 0.34375000 0.98437500
vt 0.34375000 0.98437500
vt 0.35937500 0.98437500
vt 0.35937500 0.96875000
vt 0.34375000 0.96875000
vt 0.34375000 0.90625000
vt 0.35937500 0.90625000
vt 0.35937500 0.89062500
vt 0.34375000 0.89062500
vt 0.21875000 0.75000000
vt 0.23437500 0.75000000
vt 0.23437500 0.76562500
vt 0.21875000 0.76562500
vt 0.34375000 0.89062500
vt 0.35937500 0.89062500
vt 0.35937500 0.87500000
vt 0.34375000 0.87500000
vt 0.39062500 0.76562500
vt 0.40625000 0.76562500
vt 0.40625000 0.78125000
vt 0.39062500 0.78125000
vt 0.21875000 0.76562500
vt 0.23437500 0.76562500
vt 0.23437500 0.78125000
vt 0.21875000 0.78125000
vt 0.39062500 0.78125000
vt 0.40625000 0.78125000
vt 0.40625000 0.79687500
vt 0.39062500 0.79687500
vt 0.21875000 0.78125000
vt 0.23437500 0.78125000
vt 0.23437500 0.79687500
vt 0.21875000 0.79687500
vt 0.39062500 0.79687500
vt 0.40625000 0.79687500
vt 0.40625000 0.81250000
vt 0.39062500 0.81250000
vt 0.21875000 0.79687500
vt 0.23437500 0.79687500
vt 0.23437500 0.81250000
vt 0.21875000 0.81250000
vt 0.39062500 0.81250000
vt 0.40625000 0.81250000
vt 0.40625000 0.82812500
vt 0.39062500 0.82812500
vt 0.21875000 0.81250000
vt 0.23437500 0.81250000
vt 0.23437500 0.82812500
vt 0.21875000 0.82812500
vt 0.39062500 0.82812500
vt 0.40625000 0.82812500
vt 0.40625000 0.84375000
vt 0.39062500 0.84375000
vt 0.21875000 0.82812500
vt 0.23437500 0.82812500
vt 0.23437500 0.84375000
vt 0.21875000 0.84375000
vt 0.39062500 0.84375000
vt 0.40625000 0.84375000
vt 0.40625000 0.85937500
vt 0.39062500 0.85937500
vt 0.21875000 0.84375000
vt 0.23437500 0.84375000
vt 0.23437500 0.85937500
vt 0.21875000 0.85937500
vt 0.39062500 0.85937500
vt 0.40625000 0.85937500
vt 0.40625000 0.87500000
vt 0.39062500 0.87500000
vt 0.21875000 0.89062500
vt 0.23437500 0.89062500
vt 0.23437500 0.87500000
vt 0.21875000 0.87500000
vt 0.21875000 0.90625000
vt 0.23437500 0.90625000
vt 0.23437500 0.89062500
vt 0.21875000 0.89062500
vt 0.21875000 0.92187500
vt 0.23437500 0.92187500
vt 0.23437500 0.90625000
vt 0.21875000 0.90625000
vt 0.21875000 0.93750000
vt 0.23437500 0.93750000
vt 0.23437500 0.92187500
vt 0.21875000 0.92187500
vt 0.21875000 0.95312500
vt 0.23437500 0.95312500
vt 0.23437500 0.93750000
vt 0.21875000 0.93750000
vt 0.21875000 0.96875000
vt 0.23437500 0.96875000
vt 0.23437500 0.95312500
vt 0.21875000 0.95312500
vt 0.21875000 0.98437500
vt 0.23437500 0.98437500
vt 0.23437500 0.96875000
vt 0.21875000 0.96875000
vt 0.21875000 0.85937500
vt 0.23437500 0.85937500
vt 0.23437500 0.87500000
vt 0.21875000 0.87500000
vt 0.21875000 1.00000000
vt 0.23437500 1.00000000
vt 0.23437500 0.98437500
vt 0.21875000 0.98437500
vt 0.37500000 0.75000000
vt 0.39062500 0.75000000
vt 0.39062500 0.76562500
vt 0.37500000 0.76562500
vt 0.35937500 0.75000000
vt 0.37500000 0.75000000
vt 0.37500000 0.76562500
vt 0.35937500 0.76562500
vt 0.35937500 1.00000000
vt 0.37500000 1.00000000
vt 0.37500000 0.98437500
vt 0.35937500 0.98437500
vt 0.34375000 0.75000000
vt 0.35937500 0.75000000
vt 0.35937500 0.76562500
vt 0.34375000 0.76562500
vt 0.35937500 0.98437500
vt 0.37500000 0.98437500
vt 0.37500000 0.96875000
vt 0.35937500 0.96875000
vt 0.32812500 0.75000000
vt 0.34375000 0.75000000
vt 0.34375000 0.76562500
vt 0.32812500 0.76562500
vt 0.31250000 0.75000000
vt 0.32812500 0.75000000
vt 0.32812500 0.76562500
vt 0.31250000 0.76562500
vt 0.29687500 0.75000000
vt 0.31250000 0.75000000
vt 0.31250000 0.76562500
vt 0.29687500 0.76562500
vt 0.28125000 0.75000000
vt 0.29687500 0.75000000
vt 0.29687500 0.76562500
vt 0.28125000 0.76562500
vt 0.26562500 0.75000000
vt 0.28125000 0.75000000
vt 0.28125000 0.76562500
vt 0.26562500 0.76562500
vt 0.35937500 0.90625000
vt 0.37500000 0.90625000
vt 0.37500000 0.89062500
vt 0.35937500 0.89062500
vt 0.23437500 0.75000000
vt 0.25000000 0.75000000
vt 0.25000000 0.76562500
vt 0.23437500 0.76562500
vt 0.25000000 0.75000000
vt 0.26562500 0.75000000
vt 0.26562500 0.76562500
vt 0.25000000 0.76562500
vt 0.35937500 0.89062500
vt 0.37500000 0.89062500
vt 0.37500000 0.87500000
vt 0.35937500 0.87500000
vt 0.37500000 0.76562500
vt 0.39062500 0.76562500
vt 0.39062500 0.78125000
vt 0.37500000 0.78125000
vt 0.35937500 0.76562500
vt 0.37500000 0.76562500
vt 0.37500000 0.78125000
vt 0.35937500 0.78125000
vt 0.34375000 0.76562500
vt 0.35937500 0.76562500
vt 0.35937500 0.78125000
vt 0.34375000 0.78125000
vt 0.32812500 0.76562500
vt 0.34375000 0.76562500
vt 0.34375000 0.78125000
vt 0.32812500 0.78125000
vt 0.31250000 0.76562500
vt 0.32812500 0.76562500
vt 0.32812500 0.78125000
vt 0.31250000 0.78125000
vt 0.29687500 0.76562500
vt 0.31250000 0.76562500
vt 0.31250000 0.78125000
vt 0.29687500 0.78125000
vt 0.28125000 0.76562500
vt 0.29687500 0.76562500
vt 0.29687500 0.78125000
vt 0.28125000 0.78125000
vt 0.26562500 0.76562500
vt 0.28125000 0.76562500
vt 0.28125000 0.78125000
vt 0.26562500 0.78125000
vt 0.23437500 0.76562500
vt 0.25000000 0.76562500
vt 0.25000000 0.78125000
vt 0.23437500 0.78125000
vt 0.25000000 0.76562500
vt 0.26562500 0.76562500
vt 0.26562500 0.78125000
vt 0.25000000 0.78125000
vt 0.37500000 0.78125000
vt 0.39062500 0.78125000
vt 0.39062500 0.79687500
vt 0.37500000 0.79687500
vt 0.35937500 0.78125000
vt 0.37500000 0.78125000
vt 0.37500000 0.79687500
vt 0.35937500 0.79687500
vt 0.34375000 0.78125000
vt 0.35937500 0.78125000
vt 0.35937500 0.79687500
vt 0.34375000 0.79687500
vt 0.32812500 0.78125000
vt 0.34375000 0.78125000
vt 0.34375000 0.79687500
vt 0.32812500 0.79687500
vt 0.31250000 0.78125000
vt 0.32812500 0.78125000
vt 0.32812500 0.79687500
vt 0.31250000 0.79687500
vt 0.29687500 0.78125000
vt 0.31250000 0.78125000
vt 0.31250000 0.79687500
vt 0.29687500 0.79687500
vt 0.28125000 0.78125000
vt 0.29687500 0.78125000
vt 0.29687500 0.79687500
vt 0.28125000 0.79687500
vt 0.26562500 0.78125000
vt 0.28125000 0.78125000
vt 0.28125000 0.79687500
vt 0.26562500 0.79687500
vt 0.23437500 0.78125000
vt 0.25000000 0.78125000
vt 0.25000000 0.79687500
vt 0.23437500 0.79687500
vt 0.25000000 0.78125000
vt 0.26562500 0.78125000
vt 0.26562500 0.79687500
vt 0.25000000 0.79687500
vt 0.37500000 0.79687500
vt 0.39062500 0.79687500
vt 0.39062500 0.81250000
vt 0.37500000 0.81250000
vt 0.35937500 0.79687500
vt 0.37500000 0.79687500
vt 0.37500000 0.81250000
vt 0.35937500 0.81250000
vt 0.34375000 0.79687500
vt 0.35937500 0.79687500
vt 0.35937500 0.81250000
vt 0.34375000 0.81250000
vt 0.32812500 0.79687500
vt 0.34375000 0.79687500
vt 0.34375000 0.81250000
vt 0.32812500 0.81250000
vt 0.31250000 0.79687500
vt 0.32812500 0.79687500
vt 0.32812500 0.81250000
vt 0.31250000 0.81250000
vt 0.29687500 0.79687500
vt 0.31250000 0.79687500
vt 0.31250000 0.81250000
vt 0.29687500 0.81250000
vt 0.28125000 0.79687500
vt 0.29687500 0.79687500
vt 0.29687500 0.81250000
vt 0.28125000 0.81250000
vt 0.26562500 0.79687500
vt 0.28125000 0.79687500
vt 0.28125000 0.81250000
vt 0.26562500 0.81250000
vt 0.23437500 0.79687500
vt 0.25000000 0.79687500
vt 0.25000000 0.81250000
vt 0.23437500 0.81250000
vt 0.25000000 0.79687500
vt 0.26562500 0.79687500
vt 0.26562500 0.81250000
vt 0.25000000 0.81250000
vt 0.37500000 0.81250000
vt 0.39062500 0.81250000
vt 0.39062500 0.82812500
vt 0.37500000 0.82812500
vt 0.35937500 0.81250000
vt 0.37500000 0.81250000
vt 0.37500000 0.82812500
vt 0.35937500 0.82812500
vt 0.34375000 0.81250000
vt 0.35937500 0.81250000
vt 0.35937500 0.82812500
vt 0.34375000 0.82812500
vt 0.32812500 0.81250000
vt 0.34375000 0.81250000
vt 0.34375000 0.82812500
vt 0.32812500 0.82812500
vt 0.31250000 0.81250000
vt 0.32812500 0.81250000
vt 0.32812500 0.82812500
vt 0.31250000 0.82812500
vt 0.29687500 0.81250000
vt 0.31250000 0.81250000
vt 0.31250000 0.82812500
vt 0.29687500 0.82812500
vt 0.28125000 0.81250000
vt 0.29687500 0.81250000
vt 0.29687500 0.82812500
vt 0.28125000 0.82812500
vt 0.26562500 0.81250000
vt 0.28125000 0.81250000
vt 0.28125000 0.82812500
vt 0.26562500 0.82812500
vt 0.23437500 0.81250000
vt 0.25000000 0.81250000
vt 0.25000000 0.82812500
vt 0.23437500 0.82812500
vt 0.25000000 0.81250000
vt 0.26562500 0.81250000
vt 0.26562500 0.82812500
vt 0.25000000 0.82812500
vt 0.37500000 0.82812500
vt 0.39062500 0.82812500
vt 0.39062500 0.84375000
vt 0.37500000 0.84375000
vt 0.35937500 0.82812500
vt 0.37500000 0.82812500
vt 0.37500000 0.84375000
vt 0.35937500 0.84375000
vt 0.34375000 0.82812500
vt 0.35937500 0.82812500
vt 0.35937500 0.84375000
vt 0.34375000 0.84375000
vt 0.32812500 0.82812500
vt 0.34375000 0.82812500
vt 0.34375000 0.84375000
vt 0.32812500 0.84375000
vt 0.31250000 0.82812500
vt 0.32812500 0.82812500
vt 0.32812500 0.84375000
vt 0.31250000 0.84375000
vt 0.29687500 0.82812500
vt 0.31250000 0.82812500
vt 0.31250000 0.84375000
vt 0.29687500 0.84375000
vt 0.28125000 0.82812500
vt 0.29687500 0.82812500
vt 0.29687500 0.84375000
vt 0.28125000 0.84375000
vt 0.26562500 0.82812500
vt 0.28125000 0.82812500
vt 0.28125000 0.84375000
vt 0.26562500 0.84375000
vt 0.23437500 0.82812500
vt 0.25000000 0.82812500
vt 0.25000000 0.84375000
vt 0.23437500 0.84375000
vt 0.25000000 0.82812500
vt 0.26562500 0.82812500
vt 0.26562500 0.84375000
vt 0.25000000 0.84375000
vt 0.37500000 0.84375000
vt 0.39062500 0.84375000
vt 0.39062500 0.85937500
vt 0.37500000 0.85937500
vt 0.35937500 0.84375000
vt 0.37500000 0.84375000
vt 0.37500000 0.85937500
vt 0.35937500 0.85937500
vt 0.34375000 0.84375000
vt 0.35937500 0.84375000
vt 0.35937500 0.85937500
vt 0.34375000 0.85937500
vt 0.32812500 0.84375000
vt 0.34375000 0.84375000
vt 0.34375000 0.85937500
vt 0.32812500 0.85937500
vt 0.31250000 0.84375000
vt 0.32812500 0.84375000
vt 0.32812500 0.85937500
vt 0.31250000 0.85937500
vt 0.29687500 0.84375000
vt 0.31250000 0.84375000
vt 0.31250000 0.85937500
vt 0.29687500 0.85937500
vt 0.28125000 0.84375000
vt 0.29687500 0.84375000
vt 0.29687500 0.85937500
vt 0.28125000 0.85937500
vt 0.26562500 0.84375000
vt 0.28125000 0.84375000
vt 0.28125000 0.85937500
vt 0.26562500 0.85937500
vt 0.23437500 0.84375000
vt 0.25000000 0.84375000
vt 0.25000000 0.85937500
vt 0.23437500 0.85937500
vt 0.25000000 0.84375000
vt 0.26562500 0.84375000
vt 0.26562500 0.85937500
vt 0.25000000 0.85937500
vt 0.37500000 0.85937500
vt 0.39062500 0.85937500
vt 0.39062500 0.87500000
vt 0.37500000 0.87500000
vt 0.35937500 0.85937500
vt 0.37500000 0.85937500
vt 0.37500000 0.87500000
vt 0.35937500 0.87500000
vt 0.23437500 0.89062500
vt 0.25000000 0.89062500
vt 0.25000000 0.87500000
vt 0.23437500 0.87500000
vt 0.34375000 0.85937500
vt 0.35937500 0.85937500
vt 0.35937500 0.87500000
vt 0.34375000 0.87500000
vt 0.23437500 0.90625000
vt 0.25000000 0.90625000
vt 0.25000000 0.89062500
vt 0.23437500 0.89062500
vt 0.32812500 0.85937500
vt 0.34375000 0.85937500
vt 0.34375000 0.87500000
vt 0.32812500 0.87500000
vt 0.23437500 0.92187500
vt 0.25000000 0.92187500
vt 0.25000000 0.90625000
vt 0.23437500 0.90625000
vt 0.31250000 0.85937500
vt 0.32812500 0.85937500
vt 0.32812500 0.87500000
vt 0.31250000 0.87500000
vt 0.23437500 0.93750000
vt 0.25000000 0.93750000
vt 0.25000000 0.92187500
vt 0.23437500 0.92187500
vt 0.29687500 0.85937500
vt 0.31250000 0.85937500
vt 0.31250000 0.87500000
vt 0.29687500 0.87500000
vt 0.23437500 0.95312500
vt 0.25000000 0.95312500
vt 0.25000000 0.93750000
vt 0.23437500 0.93750000
vt 0.28125000 0.85937500
vt 0.29687500 0.85937500
vt 0.29687500 0.87500000
vt 0.28125000 0.87500000
vt 0.23437500 0.96875000
vt 0.25000000 0.96875000
vt 0.25000000 0.95312500
vt 0.23437500 0.95312500
vt 0.26562500 0.85937500
vt 0.28125000 0.85937500
vt 0.28125000 0.87500000
vt 0.26562500 0.87500000
vt 0.23437500 0.98437500
vt 0.25000000 0.98437500
vt 0.25000000 0.96875000
vt 0.23437500 0.96875000
vt 0.23437500 0.85937500
vt 0.25000000 0.85937500
vt 0.25000000 0.87500000
vt 0.23437500 0.87500000
vt 0.25000000 0.85937500
vt 0.26562500 0.85937500
vt 0.26562500 0.87500000
vt 0.25000000 0.87500000
vt 0.23437500 1.00000000
vt 0.25000000 1.00000000
vt 0.25000000 0.98437500
vt 0.23437500 0.98437500
vt 0.60937500 0.50000000
vt 0.62500000 0.50000000
vt 0.62500000 0.51562500
vt 0.60937500 0.51562500
vt 0.25000000 0.50000000
vt 0.26562500 0.50000000
vt 0.26562500 0.51562500
vt 0.25000000 0.51562500
vt 0.26562500 0.50000000
vt 0.28125000 0.50000000
vt 0.28125000 0.51562500
vt 0.26562500 0.51562500
vt 0.28125000 0.50000000
vt 0.29687500 0.50000000
vt 0.29687500 0.51562500
vt 0.28125000 0.51562500
vt 0.31250000 0.50000000
vt 0.32812500 0.50000000
vt 0.32812500 0.51562500
vt 0.31250000 0.51562500
vt 0.29687500 0.50000000
vt 0.31250000 0.50000000
vt 0.31250000 0.51562500
vt 0.29687500 0.51562500
vt 0.60937500 0.51562500
vt 0.62500000 0.51562500
vt 0.62500000 0.53125000
vt 0.60937500 0.53125000
vt 0.25000000 0.51562500
vt 0.26562500 0.51562500
vt 0.26562500 0.53125000
vt 0.25000000 0.53125000
vt 0.26562500 0.51562500
vt 0.28125000 0.51562500
vt 0.28125000 0.53125000
vt 0.26562500 0.53125000
vt 0.28125000 0.51562500
vt 0.29687500 0.51562500
vt 0.29687500 0.53125000
vt 0.28125000 0.53125000
vt 0.31250000 0.51562500
vt 0.32812500 0.51562500
vt 0.32812500 0.53125000
vt 0.31250000 0.53125000
vt 0.29687500 0.51562500
vt 0.31250000 0.51562500
vt 0.31250000 0.53125000
vt 0.29687500 0.53125000
vt 0.60937500 0.53125000
vt 0.62500000 0.53125000
vt 0.62500000 0.54687500
vt 0.60937500 0.54687500
vt 0.25000000 0.53125000
vt 0.26562500 0.53125000
vt 0.26562500 0.54687500
vt 0.25000000 0.54687500
vt 0.26562500 0.53125000
vt 0.28125000 0.53125000
vt 0.28125000 0.54687500
vt 0.26562500 0.54687500
vt 0.28125000 0.53125000
vt 0.29687500 0.53125000
vt 0.29687500 0.54687500
vt 0.28125000 0.54687500
vt 0.31250000 0.53125000
vt 0.32812500 0.53125000
vt 0.32812500 0.54687500
vt 0.31250000 0.54687500
vt 0.29687500 0.53125000
vt 0.31250000 0.53125000
vt 0.31250000 0.54687500
vt 0.29687500 0.54687500
vt 0.60937500 0.54687500
vt 0.62500000 0.54687500
vt 0.62500000 0.56250000
vt 0.60937500 0.56250000
vt 0.25000000 0.54687500
vt 0.26562500 0.54687500
vt 0.26562500 0.56250000
vt 0.25000000 0.56250000
vt 0.26562500 0.54687500
vt 0.28125000 0.54687500
vt 0.28125000 0.56250000
vt 0.26562500 0.56250000
vt 0.28125000 0.54687500
vt 0.29687500 0.54687500
vt 0.29687500 0.56250000
vt 0.28125000 0.56250000
vt 0.31250000 0.54687500
vt 0.32812500 0.54687500
vt 0.32812500 0.56250000
vt 0.31250000 0.56250000
vt 0.29687500 0.54687500
vt 0.31250000 0.54687500
vt 0.31250000 0.56250000
vt 0.29687500 0.56250000
vt 0.60937500 0.56250000
vt 0.62500000 0.56250000
vt 0.62500000 0.57812500
vt 0.60937500 0.57812500
vt 0.25000000 0.56250000
vt 0.26562500 0.56250000
vt 0.26562500 0.57812500
vt 0.25000000 0.57812500
vt 0.26562500 0.56250000
vt 0.28125000 0.56250000
vt 0.28125000 0.57812500
vt 0.26562500 0.57812500
vt 0.28125000 0.56250000
vt 0.29687500 0.56250000
vt 0.29687500 0.57812500
vt 0.28125000 0.57812500
vt 0.31250000 0.56250000
vt 0.32812500 0.56250000
vt 0.32812500 0.57812500
vt 0.31250000 0.57812500
vt 0.29687500 0.56250000
vt 0.31250000 0.56250000
vt 0.31250000 0.57812500
vt 0.29687500 0.57812500
vt 0.60937500 0.57812500
vt 0.62500000 0.57812500
vt 0.62500000 0.59375000
vt 0.60937500 0.59375000
vt 0.25000000 0.57812500
vt 0.26562500 0.57812500
vt 0.26562500 0.59375000
vt 0.25000000 0.59375000
vt 0.26562500 0.57812500
vt 0.28125000 0.57812500
vt 0.28125000 0.59375000
vt 0.26562500 0.59375000
vt 0.28125000 0.57812500
vt 0.29687500 0.57812500
vt 0.29687500 0.59375000
vt 0.28125000 0.59375000
vt 0.31250000 0.57812500
vt 0.32812500 0.57812500
vt 0.32812500 0.59375000
vt 0.31250000 0.59375000
vt 0.29687500 0.57812500
vt 0.31250000 0.57812500
vt 0.31250000 0.59375000
vt 0.29687500 0.59375000
vt 0.60937500 0.59375000
vt 0.62500000 0.59375000
vt 0.62500000 0.60937500
vt 0.60937500 0.60937500
vt 0.25000000 0.59375000
vt 0.26562500 0.59375000
vt 0.26562500 0.60937500
vt 0.25000000 0.60937500
vt 0.26562500 0.59375000
vt 0.28125000 0.59375000
vt 0.28125000 0.60937500
vt 0.26562500 0.60937500
vt 0.28125000 0.59375000
vt 0.29687500 0.59375000
vt 0.29687500 0.60937500
vt 0.28125000 0.60937500
vt 0.31250000 0.59375000
vt 0.32812500 0.59375000
vt 0.32812500 0.60937500
vt 0.31250000 0.60937500
vt 0.29687500 0.59375000
vt 0.31250000 0.59375000
vt 0.31250000 0.60937500
vt 0.29687500 0.60937500
vt 0.60937500 0.60937500
vt 0.62500000 0.60937500
vt 0.62500000 0.62500000
vt 0.60937500 0.62500000
vt 0.25000000 0.60937500
vt 0.26562500 0.60937500
vt 0.26562500 0.62500000
vt 0.25000000 0.62500000
vt 0.26562500 0.60937500
vt 0.28125000 0.60937500
vt 0.28125000 0.62500000
vt 0.26562500 0.62500000
vt 0.28125000 0.60937500
vt 0.29687500 0.60937500
vt 0.29687500 0.62500000
vt 0.28125000 0.62500000
vt 0.31250000 0.60937500
vt 0.32812500 0.60937500
vt 0.32812500 0.62500000
vt 0.31250000 0.62500000
vt 0.29687500 0.60937500
vt 0.31250000 0.60937500
vt 0.31250000 0.62500000
vt 0.29687500 0.62500000
vt 0.60937500 0.62500000
vt 0.62500000 0.62500000
vt 0.62500000 0.64062500
vt 0.60937500 0.64062500
vt 0.31250000 0.62500000
vt 0.32812500 0.62500000
vt 0.32812500 0.64062500
vt 0.31250000 0.64062500
vt 0.60937500 0.64062500
vt 0.62500000 0.64062500
vt 0.62500000 0.65625000
vt 0.60937500 0.65625000
vt 0.31250000 0.64062500
vt 0.32812500 0.64062500
vt 0.32812500 0.65625000
vt 0.31250000 0.65625000
vt 0.60937500 0.65625000
vt 0.62500000 0.65625000
vt 0.62500000 0.67187500
vt 0.60937500 0.67187500
vt 0.31250000 0.65625000
vt 0.32812500 0.65625000
vt 0.32812500 0.67187500
vt 0.31250000 0.67187500
vt 0.60937500 0.67187500
vt 0.62500000 0.67187500
vt 0.62500000 0.68750000
vt 0.60937500 0.68750000
vt 0.31250000 0.67187500
vt 0.32812500 0.67187500
vt 0.32812500 0.68750000
vt 0.31250000 0.68750000
vt 0.59375000 0.50000000
vt 0.60937500 0.50000000
vt 0.60937500 0.51562500
vt 0.59375000 0.51562500
vt 0.32812500 0.50000000
vt 0.34375000 0.50000000
vt 0.34375000 0.51562500
vt 0.32812500 0.51562500
vt 0.59375000 0.51562500
vt 0.60937500 0.51562500
vt 0.60937500 0.53125000
vt 0.59375000 0.53125000
vt 0.32812500 0.51562500
vt 0.34375000 0.51562500
vt 0.34375000 0.53125000
vt 0.32812500 0.53125000
vt 0.59375000 0.53125000
vt 0.60937500 0.53125000
vt 0.60937500 0.54687500
vt 0.59375000 0.54687500
vt 0.32812500 0.53125000
vt 0.34375000 0.53125000
vt 0.34375000 0.54687500
vt 0.32812500 0.54687500
vt 0.59375000 0.54687500
vt 0.60937500 0.54687500
vt 0.60937500 0.56250000
vt 0.59375000 0.56250000
vt 0.32812500 0.54687500
vt 0.34375000 0.54687500
vt 0.34375000 0.56250000
vt 0.32812500 0.56250000
vt 0.59375000 0.56250000
vt 0.60937500 0.56250000
vt 0.60937500 0.57812500
vt 0.59375000 0.57812500
vt 0.32812500 0.56250000
vt 0.34375000 0.56250000
vt 0.34375000 0.57812500
vt 0.32812500 0.57812500
vt 0.59375000 0.57812500
vt 0.60937500 0.57812500
vt 0.60937500 0.59375000
vt 0.59375000 0.59375000
vt 0.32812500 0.57812500
vt 0.34375000 0.57812500
vt 0.34375000 0.59375000
vt 0.32812500 0.59375000
vt 0.59375000 0.59375000
vt 0.60937500 0.59375000
vt 0.60937500 0.60937500
vt 0.59375000 0.60937500
vt 0.32812500 0.59375000
vt 0.34375000 0.59375000
vt 0.34375000 0.60937500
vt 0.32812500 0.60937500
vt 0.59375000 0.60937500
vt 0.60937500 0.60937500
vt 0.60937500 0.62500000
vt 0.59375000 0.62500000
vt 0.32812500 0.60937500
vt 0.34375000 0.60937500
vt 0.34375000 0.62500000
vt 0.32812500 0.62500000
vt 0.59375000 0.62500000
vt 0.60937500 0.62500000
vt 0.60937500 0.64062500
vt 0.59375000 0.64062500
vt 0.32812500 0.62500000
vt 0.34375000 0.62500000
vt 0.34375000 0.64062500
vt 0.32812500 0.64062500
vt 0.59375000 0.64062500
vt 0.60937500 0.64062500
vt 0.60937500 0.65625000
vt 0.59375000 0.65625000
vt 0.32812500 0.64062500
vt 0.34375000 0.64062500
vt 0.34375000 0.65625000
vt 0.32812500 0.65625000
vt 0.59375000 0.65625000
vt 0.60937500 0.65625000
vt 0.60937500 0.67187500
vt 0.59375000 0.67187500
vt 0.32812500 0.65625000
vt 0.34375000 0.65625000
vt 0.34375000 0.67187500
vt 0.32812500 0.67187500
vt 0.59375000 0.67187500
vt 0.60937500 0.67187500
vt 0.60937500 0.68750000
vt 0.59375000 0.68750000
vt 0.32812500 0.67187500
vt 0.34375000 0.67187500
vt 0.34375000 0.68750000
vt 0.32812500 0.68750000
vt 0.57812500 0.50000000
vt 0.59375000 0.50000000
vt 0.59375000 0.51562500
vt 0.57812500 0.51562500
vt 0.34375000 0.50000000
vt 0.35937500 0.50000000
vt 0.35937500 0.51562500
vt 0.34375000 0.51562500
vt 0.57812500 0.51562500
vt 0.59375000 0.51562500
vt 0.59375000 0.53125000
vt 0.57812500 0.53125000
vt 0.34375000 0.51562500
vt 0.35937500 0.51562500
vt 0.35937500 0.53125000
vt 0.34375000 0.53125000
vt 0.57812500 0.53125000
vt 0.59375000 0.53125000
vt 0.59375000 0.54687500
vt 0.57812500 0.54687500
vt 0.34375000 0.53125000
vt 0.35937500 0.53125000
vt 0.35937500 0.54687500
vt 0.34375000 0.54687500
vt 0.57812500 0.54687500
vt 0.59375000 0.54687500
vt 0.59375000 0.56250000
vt 0.57812500 0.56250000
vt 0.34375000 0.54687500
vt 0.35937500 0.54687500
vt 0.35937500 0.56250000
vt 0.34375000 0.56250000
vt 0.57812500 0.56250000
vt 0.59375000 0.56250000
vt 0.59375000 0.57812500
vt 0.57812500 0.57812500
vt 0.34375000 0.56250000
vt 0.35937500 0.56250000
vt 0.35937500 0.57812500
vt 0.34375000 0.57812500
vt 0.57812500 0.57812500
vt 0.59375000 0.57812500
vt 0.59375000 0.59375000
vt 0.57812500 0.59375000
vt 0.34375000 0.57812500
vt 0.35937500 0.57812500
vt 0.35937500 0.59375000
vt 0.34375000 0.59375000
vt 0.57812500 0.59375000
vt 0.59375000 0.59375000
vt 0.59375000 0.60937500
vt 0.57812500 0.60937500
vt 0.34375000 0.59375000
vt 0.35937500 0.59375000
vt 0.35937500 0.60937500
vt 0.34375000 0.60937500
vt 0.57812500 0.60937500
vt 0.59375000 0.60937500
vt 0.59375000 0.62500000
vt 0.57812500 0.62500000
vt 0.34375000 0.60937500
vt 0.35937500 0.60937500
vt 0.35937500 0.62500000
vt 0.34375000 0.62500000
vt 0.57812500 0.62500000
vt 0.59375000 0.62500000
vt 0.59375000 0.64062500
vt 0.57812500 0.64062500
vt 0.34375000 0.62500000
vt 0.35937500 0.62500000
vt 0.35937500 0.64062500
vt 0.34375000 0.64062500
vt 0.57812500 0.64062500
vt 0.59375000 0.64062500
vt 0.59375000 0.65625000
vt 0.57812500 0.65625000
vt 0.34375000 0.64062500
vt 0.35937500 0.64062500
vt 0.35937500 0.65625000
vt 0.34375000 0.65625000
vt 0.57812500 0.65625000
vt 0.59375000 0.65625000
vt 0.59375000 0.67187500
vt 0.57812500 0.67187500
vt 0.34375000 0.65625000
vt 0.35937500 0.65625000
vt 0.35937500 0.67187500
vt 0.34375000 0.67187500
vt 0.57812500 0.67187500
vt 0.59375000 0.67187500
vt 0.59375000 0.68750000
vt 0.57812500 0.68750000
vt 0.34375000 0.67187500
vt 0.35937500 0.67187500
vt 0.35937500 0.68750000
vt 0.34375000 0.68750000
vt 0.56250000 0.50000000
vt 0.57812500 0.50000000
vt 0.57812500 0.51562500
vt 0.56250000 0.51562500
vt 0.35937500 0.50000000
vt 0.37500000 0.50000000
vt 0.37500000 0.51562500
vt 0.35937500 0.51562500
vt 0.56250000 0.51562500
vt 0.57812500 0.51562500
vt 0.57812500 0.53125000
vt 0.56250000 0.53125000
vt 0.35937500 0.51562500
vt 0.37500000 0.51562500
vt 0.37500000 0.53125000
vt 0.35937500 0.53125000
vt 0.56250000 0.53125000
vt 0.57812500 0.53125000
vt 0.57812500 0.54687500
vt 0.56250000 0.54687500
vt 0.35937500 0.53125000
vt 0.37500000 0.53125000
vt 0.37500000 0.54687500
vt 0.35937500 0.54687500
vt 0.56250000 0.54687500
vt 0.57812500 0.54687500
vt 0.57812500 0.56250000
vt 0.56250000 0.56250000
vt 0.35937500 0.54687500
vt 0.37500000 0.54687500
vt 0.37500000 0.56250000
vt 0.35937500 0.56250000
vt 0.56250000 0.56250000
vt 0.57812500 0.56250000
vt 0.57812500 0.57812500
vt 0.56250000 0.57812500
vt 0.35937500 0.56250000
vt 0.37500000 0.56250000
vt 0.37500000 0.57812500
vt 0.35937500 0.57812500
vt 0.56250000 0.57812500
vt 0.57812500 0.57812500
vt 0.57812500 0.59375000
vt 0.56250000 0.59375000
vt 0.35937500 0.57812500
vt 0.37500000 0.57812500
vt 0.37500000 0.59375000
vt 0.35937500 0.59375000
vt 0.56250000 0.59375000
vt 0.57812500 0.59375000
vt 0.57812500 0.60937500
vt 0.56250000 0.60937500
vt 0.35937500 0.59375000
vt 0.37500000 0.59375000
vt 0.37500000 0.60937500
vt 0.35937500 0.60937500
vt 0.56250000 0.60937500
vt 0.57812500 0.60937500
vt 0.57812500 0.62500000
vt 0.56250000 0.62500000
vt 0.35937500 0.60937500
vt 0.37500000 0.60937500
vt 0.37500000 0.62500000
vt 0.35937500 0.62500000
vt 0.56250000 0.62500000
vt 0.57812500 0.62500000
vt 0.57812500 0.64062500
vt 0.56250000 0.64062500
vt 0.35937500 0.62500000
vt 0.37500000 0.62500000
vt 0.37500000 0.64062500
vt 0.35937500 0.64062500
vt 0.56250000 0.64062500
vt 0.57812500 0.64062500
vt 0.57812500 0.65625000
vt 0.56250000 0.65625000
vt 0.35937500 0.64062500
vt 0.37500000 0.64062500
vt 0.37500000 0.65625000
vt 0.35937500 0.65625000
vt 0.56250000 0.65625000
vt 0.57812500 0.65625000
vt 0.57812500 0.67187500
vt 0.56250000 0.67187500
vt 0.35937500 0.65625000
vt 0.37500000 0.65625000
vt 0.37500000 0.67187500
vt 0.35937500 0.67187500
vt 0.56250000 0.67187500
vt 0.57812500 0.67187500
vt 0.57812500 0.68750000
vt 0.56250000 0.68750000
vt 0.35937500 0.67187500
vt 0.37500000 0.67187500
vt 0.37500000 0.68750000
vt 0.35937500 0.68750000
vt 0.54687500 0.50000000
vt 0.56250000 0.50000000
vt 0.56250000 0.51562500
vt 0.54687500 0.51562500
vt 0.37500000 0.50000000
vt 0.39062500 0.50000000
vt 0.39062500 0.51562500
vt 0.37500000 0.51562500
vt 0.54687500 0.51562500
vt 0.56250000 0.51562500
vt 0.56250000 0.53125000
vt 0.54687500 0.53125000
vt 0.37500000 0.51562500
vt 0.39062500 0.51562500
vt 0.39062500 0.53125000
vt 0.37500000 0.53125000
vt 0.54687500 0.53125000
vt 0.56250000 0.53125000
vt 0.56250000 0.54687500
vt 0.54687500 0.54687500
vt 0.37500000 0.53125000
vt 0.39062500 0.53125000
vt 0.39062500 0.54687500
vt 0.37500000 0.54687500
vt 0.54687500 0.54687500
vt 0.56250000 0.54687500
vt 0.56250000 0.56250000
vt 0.54687500 0.56250000
vt 0.37500000 0.54687500
vt 0.39062500 0.54687500
vt 0.39062500 0.56250000
vt 0.37500000 0.56250000
vt 0.54687500 0.56250000
vt 0.56250000 0.56250000
vt 0.56250000 0.57812500
vt 0.54687500 0.57812500
vt 0.37500000 0.56250000
vt 0.39062500 0.56250000
vt 0.39062500 0.57812500
vt 0.37500000 0.57812500
vt 0.54687500 0.57812500
vt 0.56250000 0.57812500
vt 0.56250000 0.59375000
vt 0.54687500 0.59375000
vt 0.37500000 0.57812500
vt 0.39062500 0.57812500
vt 0.39062500 0.59375000
vt 0.37500000 0.59375000
vt 0.54687500 0.59375000
vt 0.56250000 0.59375000
vt 0.56250000 0.60937500
vt 0.54687500 0.60937500
vt 0.37500000 0.59375000
vt 0.39062500 0.59375000
vt 0.39062500 0.60937500
vt 0.37500000 0.60937500
vt 0.54687500 0.60937500
vt 0.56250000 0.60937500
vt 0.56250000 0.62500000
vt 0.54687500 0.62500000
vt 0.37500000 0.60937500
vt 0.39062500 0.60937500
vt 0.39062500 0.62500000
vt 0.37500000 0.62500000
vt 0.54687500 0.62500000
vt 0.56250000 0.62500000
vt 0.56250000 0.64062500
vt 0.54687500 0.64062500
vt 0.37500000 0.62500000
vt 0.39062500 0.62500000
vt 0.39062500 0.64062500
vt 0.37500000 0.64062500
vt 0.54687500 0.64062500
vt 0.56250000 0.64062500
vt 0.56250000 0.65625000
vt 0.54687500 0.65625000
vt 0.37500000 0.64062500
vt 0.39062500 0.64062500
vt 0.39062500 0.65625000
vt 0.37500000 0.65625000
vt 0.54687500 0.65625000
vt 0.56250000 0.65625000
vt 0.56250000 0.67187500
vt 0.54687500 0.67187500
vt 0.37500000 0.65625000
vt 0.39062500 0.65625000
vt 0.39062500 0.67187500
vt 0.37500000 0.67187500
vt 0.54687500 0.67187500
vt 0.56250000 0.67187500
vt 0.56250000 0.68750000
vt 0.54687500 0.68750000
vt 0.37500000 0.67187500
vt 0.39062500 0.67187500
vt 0.39062500 0.68750000
vt 0.37500000 0.68750000
vt 0.53125000 0.50000000
vt 0.54687500 0.50000000
vt 0.54687500 0.51562500
vt 0.53125000 0.51562500
vt 0.39062500 0.50000000
vt 0.40625000 0.50000000
vt 0.40625000 0.51562500
vt 0.39062500 0.51562500
vt 0.53125000 0.51562500
vt 0.54687500 0.51562500
vt 0.54687500 0.53125000
vt 0.53125000 0.53125000
vt 0.39062500 0.51562500
vt 0.40625000 0.51562500
vt 0.40625000 0.53125000
vt 0.39062500 0.53125000
vt 0.53125000 0.53125000
vt 0.54687500 0.53125000
vt 0.54687500 0.54687500
vt 0.53125000 0.54687500
vt 0.39062500 0.53125000
vt 0.40625000 0.53125000
vt 0.40625000 0.54687500
vt 0.39062500 0.54687500
vt 0.53125000 0.54687500
vt 0.54687500 0.54687500
vt 0.54687500 0.56250000
vt 0.53125000 0.56250000
vt 0.39062500 0.54687500
vt 0.40625000 0.54687500
vt 0.40625000 0.56250000
vt 0.39062500 0.56250000
vt 0.53125000 0.56250000
vt 0.54687500 0.56250000
vt 0.54687500 0.57812500
vt 0.53125000 0.57812500
vt 0.39062500 0.56250000
vt 0.40625000 0.56250000
vt 0.40625000 0.57812500
vt 0.39062500 0.57812500
vt 0.53125000 0.57812500
vt 0.54687500 0.57812500
vt 0.54687500 0.59375000
vt 0.53125000 0.59375000
vt 0.39062500 0.57812500
vt 0.40625000 0.57812500
vt 0.40625000 0.59375000
vt 0.39062500 0.59375000
vt 0.53125000 0.59375000
vt 0.54687500 0.59375000
vt 0.54687500 0.60937500
vt 0.53125000 0.60937500
vt 0.39062500 0.59375000
vt 0.40625000 0.59375000
vt 0.40625000 0.60937500
vt 0.39062500 0.60937500
vt 0.53125000 0.60937500
vt 0.54687500 0.60937500
vt 0.54687500 0.62500000
vt 0.53125000 0.62500000
vt 0.39062500 0.60937500
vt 0.40625000 0.60937500
vt 0.40625000 0.62500000
vt 0.39062500 0.62500000
vt 0.53125000 0.62500000
vt 0.54687500 0.62500000
vt 0.54687500 0.64062500
vt 0.53125000 0.64062500
vt 0.39062500 0.62500000
vt 0.40625000 0.62500000
vt 0.40625000 0.64062500
vt 0.39062500 0.64062500
vt 0.53125000 0.64062500
vt 0.54687500 0.64062500
vt 0.54687500 0.65625000
vt 0.53125000 0.65625000
vt 0.39062500 0.64062500
vt 0.40625000 0.64062500
vt 0.40625000 0.65625000
vt 0.39062500 0.65625000
vt 0.53125000 0.65625000
vt 0.54687500 0.65625000
vt 0.54687500 0.67187500
vt 0.53125000 0.67187500
vt 0.39062500 0.65625000
vt 0.40625000 0.65625000
vt 0.40625000 0.67187500
vt 0.39062500 0.67187500
vt 0.53125000 0.67187500
vt 0.54687500 0.67187500
vt 0.54687500 0.68750000
vt 0.53125000 0.68750000
vt 0.39062500 0.67187500
vt 0.40625000 0.67187500
vt 0.40625000 0.68750000
vt 0.39062500 0.68750000
vt 0.51562500 0.50000000
vt 0.53125000 0.50000000
vt 0.53125000 0.51562500
vt 0.51562500 0.51562500
vt 0.40625000 0.50000000
vt 0.42187500 0.50000000
vt 0.42187500 0.51562500
vt 0.40625000 0.51562500
vt 0.51562500 0.51562500
vt 0.53125000 0.51562500
vt 0.53125000 0.53125000
vt 0.51562500 0.53125000
vt 0.40625000 0.51562500
vt 0.42187500 0.51562500
vt 0.42187500 0.53125000
vt 0.40625000 0.53125000
vt 0.51562500 0.53125000
vt 0.53125000 0.53125000
vt 0.53125000 0.54687500
vt 0.51562500 0.54687500
vt 0.40625000 0.53125000
vt 0.42187500 0.53125000
vt 0.42187500 0.54687500
vt 0.40625000 0.54687500
vt 0.51562500 0.54687500
vt 0.53125000 0.54687500
vt 0.53125000 0.56250000
vt 0.51562500 0.56250000
vt 0.40625000 0.54687500
vt 0.42187500 0.54687500
vt 0.42187500 0.56250000
vt 0.40625000 0.56250000
vt 0.51562500 0.56250000
vt 0.53125000 0.56250000
vt 0.53125000 0.57812500
vt 0.51562500 0.57812500
vt 0.40625000 0.56250000
vt 0.42187500 0.56250000
vt 0.42187500 0.57812500
vt 0.40625000 0.57812500
vt 0.51562500 0.57812500
vt 0.53125000 0.57812500
vt 0.53125000 0.59375000
vt 0.51562500 0.59375000
vt 0.40625000 0.57812500
vt 0.42187500 0.57812500
vt 0.42187500 0.59375000
vt 0.40625000 0.59375000
vt 0.51562500 0.59375000
vt 0.53125000 0.59375000
vt 0.53125000 0.60937500
vt 0.51562500 0.60937500
vt 0.40625000 0.59375000
vt 0.42187500 0.59375000
vt 0.42187500 0.60937500
vt 0.40625000 0.60937500
vt 0.51562500 0.60937500
vt 0.53125000 0.60937500
vt 0.53125000 0.62500000
vt 0.51562500 0.62500000
vt 0.40625000 0.60937500
vt 0.42187500 0.60937500
vt 0.42187500 0.62500000
vt 0.40625000 0.62500000
vt 0.51562500 0.62500000
vt 0.53125000 0.62500000
vt 0.53125000 0.64062500
vt 0.51562500 0.64062500
vt 0.40625000 0.62500000
vt 0.42187500 0.62500000
vt 0.42187500 0.64062500
vt 0.40625000 0.64062500
vt 0.51562500 0.64062500
vt 0.53125000 0.64062500
vt 0.53125000 0.65625000
vt 0.51562500 0.65625000
vt 0.40625000 0.64062500
vt 0.42187500 0.64062500
vt 0.42187500 0.65625000
vt 0.40625000 0.65625000
vt 0.51562500 0.65625000
vt 0.53125000 0.65625000
vt 0.53125000 0.67187500
vt 0.51562500 0.67187500
vt 0.40625000 0.65625000
vt 0.42187500 0.65625000
vt 0.42187500 0.67187500
vt 0.40625000 0.67187500
vt 0.51562500 0.67187500
vt 0.53125000 0.67187500
vt 0.53125000 0.68750000
vt 0.51562500 0.68750000
vt 0.40625000 0.67187500
vt 0.42187500 0.67187500
vt 0.42187500 0.68750000
vt 0.40625000 0.68750000
vt 0.50000000 0.50000000
vt 0.51562500 0.50000000
vt 0.51562500 0.51562500
vt 0.50000000 0.51562500
vt 0.48437500 0.50000000
vt 0.50000000 0.50000000
vt 0.50000000 0.51562500
vt 0.48437500 0.51562500
vt 0.46875000 0.50000000
vt 0.48437500 0.50000000
vt 0.48437500 0.51562500
vt 0.46875000 0.51562500
vt 0.45312500 0.50000000
vt 0.46875000 0.50000000
vt 0.46875000 0.51562500
vt 0.45312500 0.51562500
vt 0.42187500 0.50000000
vt 0.43750000 0.50000000
vt 0.43750000 0.51562500
vt 0.42187500 0.51562500
vt 0.43750000 0.50000000
vt 0.45312500 0.50000000
vt 0.45312500 0.51562500
vt 0.43750000 0.51562500
vt 0.50000000 0.51562500
vt 0.51562500 0.51562500
vt 0.51562500 0.53125000
vt 0.50000000 0.53125000
vt 0.48437500 0.51562500
vt 0.50000000 0.51562500
vt 0.50000000 0.53125000
vt 0.48437500 0.53125000
vt 0.46875000 0.51562500
vt 0.48437500 0.51562500
vt 0.48437500 0.53125000
vt 0.46875000 0.53125000
vt 0.45312500 0.51562500
vt 0.46875000 0.51562500
vt 0.46875000 0.53125000
vt 0.45312500 0.53125000
vt 0.42187500 0.51562500
vt 0.43750000 0.51562500
vt 0.43750000 0.53125000
vt 0.42187500 0.53125000
vt 0.43750000 0.51562500
vt 0.45312500 0.51562500
vt 0.45312500 0.53125000
vt 0.43750000 0.53125000
vt 0.50000000 0.53125000
vt 0.51562500 0.53125000
vt 0.51562500 0.54687500
vt 0.50000000 0.54687500
vt 0.48437500 0.53125000
vt 0.50000000 0.53125000
vt 0.50000000 0.54687500
vt 0.48437500 0.54687500
vt 0.46875000 0.53125000
vt 0.48437500 0.53125000
vt 0.48437500 0.54687500
vt 0.46875000 0.54687500
vt 0.45312500 0.53125000
vt 0.46875000 0.53125000
vt 0.46875000 0.54687500
vt 0.45312500 0.54687500
vt 0.42187500 0.53125000
vt 0.43750000 0.53125000
vt 0.43750000 0.54687500
vt 0.42187500 0.54687500
vt 0.43750000 0.53125000
vt 0.45312500 0.53125000
vt 0.45312500 0.54687500
vt 0.43750000 0.54687500
vt 0.50000000 0.54687500
vt 0.51562500 0.54687500
vt 0.51562500 0.56250000
vt 0.50000000 0.56250000
vt 0.48437500 0.54687500
vt 0.50000000 0.54687500
vt 0.50000000 0.56250000
vt 0.48437500 0.56250000
vt 0.46875000 0.54687500
vt 0.48437500 0.54687500
vt 0.48437500 0.56250000
vt 0.46875000 0.56250000
vt 0.45312500 0.54687500
vt 0.46875000 0.54687500
vt 0.46875000 0.56250000
vt 0.45312500 0.56250000
vt 0.42187500 0.54687500
vt 0.43750000 0.54687500
vt 0.43750000 0.56250000
vt 0.42187500 0.56250000
vt 0.43750000 0.54687500
vt 0.45312500 0.54687500
vt 0.45312500 0.56250000
vt 0.43750000 0.56250000
vt 0.50000000 0.56250000
vt 0.51562500 0.56250000
vt 0.51562500 0.57812500
vt 0.50000000 0.57812500
vt 0.48437500 0.56250000
vt 0.50000000 0.56250000
vt 0.50000000 0.57812500
vt 0.48437500 0.57812500
vt 0.46875000 0.56250000
vt 0.48437500 0.56250000
vt 0.48437500 0.57812500
vt 0.46875000 0.57812500
vt 0.45312500 0.56250000
vt 0.46875000 0.56250000
vt 0.46875000 0.57812500
vt 0.45312500 0.57812500
vt 0.42187500 0.56250000
vt 0.43750000 0.56250000
vt 0.43750000 0.57812500
vt 0.42187500 0.57812500
vt 0.43750000 0.56250000
vt 0.45312500 0.56250000
vt 0.45312500 0.57812500
vt 0.43750000 0.57812500
vt 0.50000000 0.57812500
vt 0.51562500 0.57812500
vt 0.51562500 0.59375000
vt 0.50000000 0.59375000
vt 0.48437500 0.57812500
vt 0.50000000 0.57812500
vt 0.50000000 0.59375000
vt 0.48437500 0.59375000
vt 0.46875000 0.57812500
vt 0.48437500 0.57812500
vt 0.48437500 0.59375000
vt 0.46875000 0.59375000
vt 0.45312500 0.57812500
vt 0.46875000 0.57812500
vt 0.46875000 0.59375000
vt 0.45312500 0.59375000
vt 0.42187500 0.57812500
vt 0.43750000 0.57812500
vt 0.43750000 0.59375000
vt 0.42187500 0.59375000
vt 0.43750000 0.57812500
vt 0.45312500 0.57812500
vt 0.45312500 0.59375000
vt 0.43750000 0.59375000
vt 0.50000000 0.59375000
vt 0.51562500 0.59375000
vt 0.51562500 0.60937500
vt 0.50000000 0.60937500
vt 0.48437500 0.59375000
vt 0.50000000 0.59375000
vt 0.50000000 0.60937500
vt 0.48437500 0.60937500
vt 0.46875000 0.59375000
vt 0.48437500 0.59375000
vt 0.48437500 0.60937500
vt 0.46875000 0.60937500
vt 0.45312500 0.59375000
vt 0.46875000 0.59375000
vt 0.46875000 0.60937500
vt 0.45312500 0.60937500
vt 0.42187500 0.59375000
vt 0.43750000 0.59375000
vt 0.43750000 0.60937500
vt 0.42187500 0.60937500
vt 0.43750000 0.59375000
vt 0.45312500 0.59375000
vt 0.45312500 0.60937500
vt 0.43750000 0.60937500
vt 0.50000000 0.60937500
vt 0.51562500 0.60937500
vt 0.51562500 0.62500000
vt 0.50000000 0.62500000
vt 0.48437500 0.60937500
vt 0.50000000 0.60937500
vt 0.50000000 0.62500000
vt 0.48437500 0.62500000
vt 0.46875000 0.60937500
vt 0.48437500 0.60937500
vt 0.48437500 0.62500000
vt 0.46875000 0.62500000
vt 0.45312500 0.60937500
vt 0.46875000 0.60937500
vt 0.46875000 0.62500000
vt 0.45312500 0.62500000
vt 0.42187500 0.60937500
vt 0.43750000 0.60937500
vt 0.43750000 0.62500000
vt 0.42187500 0.62500000
vt 0.43750000 0.60937500
vt 0.45312500 0.60937500
vt 0.45312500 0.62500000
vt 0.43750000 0.62500000
vt 0.50000000 0.62500000
vt 0.51562500 0.62500000
vt 0.51562500 0.64062500
vt 0.50000000 0.64062500
vt 0.42187500 0.62500000
vt 0.43750000 0.62500000
vt 0.43750000 0.64062500
vt 0.42187500 0.64062500
vt 0.50000000 0.64062500
vt 0.51562500 0.64062500
vt 0.51562500 0.65625000
vt 0.50000000 0.65625000
vt 0.42187500 0.64062500
vt 0.43750000 0.64062500
vt 0.43750000 0.65625000
vt 0.42187500 0.65625000
vt 0.50000000 0.65625000
vt 0.51562500 0.65625000
vt 0.51562500 0.67187500
vt 0.50000000 0.67187500
vt 0.42187500 0.65625000
vt 0.43750000 0.65625000
vt 0.43750000 0.67187500
vt 0.42187500 0.67187500
vt 0.50000000 0.67187500
vt 0.51562500 0.67187500
vt 0.51562500 0.68750000
vt 0.50000000 0.68750000
vt 0.42187500 0.67187500
vt 0.43750000 0.67187500
vt 0.43750000 0.68750000
vt 0.42187500 0.68750000
vt 0.68750000 0.01562500
vt 0.68750000 0.00000000
vt 0.70312500 0.00000000
vt 0.70312500 0.01562500
vt 0.68750000 0.25000000
vt 0.68750000 0.23437500
vt 0.67187500 0.23437500
vt 0.67187500 0.25000000
vt 0.68750000 0.00000000
vt 0.68750000 0.01562500
vt 0.67187500 0.01562500
vt 0.67187500 0.00000000
vt 0.68750000 0.23437500
vt 0.68750000 0.21875000
vt 0.67187500 0.21875000
vt 0.67187500 0.23437500
vt 0.67187500 0.00000000
vt 0.67187500 0.01562500
vt 0.65625000 0.01562500
vt 0.65625000 0.00000000
vt 0.68750000 0.21875000
vt 0.68750000 0.20312500
vt 0.67187500 0.20312500
vt 0.67187500 0.21875000
vt 0.65625000 0.00000000
vt 0.65625000 0.01562500
vt 0.64062500 0.01562500
vt 0.64062500 0.00000000
vt 0.62500000 0.00000000
vt 0.62500000 0.01562500
vt 0.60937500 0.01562500
vt 0.60937500 0.00000000
vt 0.68750000 0.20312500
vt 0.68750000 0.18750000
vt 0.67187500 0.18750000
vt 0.67187500 0.20312500
vt 0.64062500 0.00000000
vt 0.64062500 0.01562500
vt 0.62500000 0.01562500
vt 0.62500000 0.00000000
vt 0.70312500 0.01562500
vt 0.70312500 0.00000000
vt 0.71875000 0.00000000
vt 0.71875000 0.01562500
vt 0.67187500 0.25000000
vt 0.67187500 0.23437500
vt 0.65625000 0.23437500
vt 0.65625000 0.25000000
vt 0.67187500 0.23437500
vt 0.67187500 0.21875000
vt 0.65625000 0.21875000
vt 0.65625000 0.23437500
vt 0.67187500 0.21875000
vt 0.67187500 0.20312500
vt 0.65625000 0.20312500
vt 0.65625000 0.21875000
vt 0.60937500 0.00000000
vt 0.60937500 0.01562500
vt 0.59375000 0.01562500
vt 0.59375000 0.00000000
vt 0.67187500 0.20312500
vt 0.67187500 0.18750000
vt 0.65625000 0.18750000
vt 0.65625000 0.20312500
vt 0.71875000 0.01562500
vt 0.71875000 0.00000000
vt 0.73437500 0.00000000
vt 0.73437500 0.01562500
vt 0.65625000 0.25000000
vt 0.65625000 0.23437500
vt 0.64062500 0.23437500
vt 0.64062500 0.25000000
vt 0.65625000 0.23437500
vt 0.65625000 0.21875000
vt 0.64062500 0.21875000
vt 0.64062500 0.23437500
vt 0.65625000 0.21875000
vt 0.65625000 0.20312500
vt 0.64062500 0.20312500
vt 0.64062500 0.21875000
vt 0.59375000 0.00000000
vt 0.59375000 0.01562500
vt 0.57812500 0.01562500
vt 0.57812500 0.00000000
vt 0.65625000 0.20312500
vt 0.65625000 0.18750000
vt 0.64062500 0.18750000
vt 0.64062500 0.20312500
vt 0.73437500 0.01562500
vt 0.73437500 0.00000000
vt 0.75000000 0.00000000
vt 0.75000000 0.01562500
vt 0.64062500 0.25000000
vt 0.64062500 0.23437500
vt 0.62500000 0.23437500
vt 0.62500000 0.25000000
vt 0.51562500 0.00000000
vt 0.51562500 0.01562500
vt 0.50000000 0.01562500
vt 0.50000000 0.00000000
vt 0.64062500 0.23437500
vt 0.64062500 0.21875000
vt 0.62500000 0.21875000
vt 0.62500000 0.23437500
vt 0.53125000 0.00000000
vt 0.53125000 0.01562500
vt 0.51562500 0.01562500
vt 0.51562500 0.00000000
vt 0.64062500 0.21875000
vt 0.64062500 0.20312500
vt 0.62500000 0.20312500
vt 0.62500000 0.21875000
vt 0.54687500 0.00000000
vt 0.54687500 0.01562500
vt 0.53125000 0.01562500
vt 0.53125000 0.00000000
vt 0.57812500 0.00000000
vt 0.57812500 0.01562500
vt 0.56250000 0.01562500
vt 0.56250000 0.00000000
vt 0.64062500 0.20312500
vt 0.64062500 0.18750000
vt 0.62500000 0.18750000
vt 0.62500000 0.20312500
vt 0.56250000 0.00000000
vt 0.56250000 0.01562500
vt 0.54687500 0.01562500
vt 0.54687500 0.00000000
vt 0.68750000 0.03125000
vt 0.68750000 0.01562500
vt 0.70312500 0.01562500
vt 0.70312500 0.03125000
vt 0.68750000 0.01562500
vt 0.68750000 0.03125000
vt 0.67187500 0.03125000
vt 0.67187500 0.01562500
vt 0.67187500 0.01562500
vt 0.67187500 0.03125000
vt 0.65625000 0.03125000
vt 0.65625000 0.01562500
vt 0.65625000 0.01562500
vt 0.65625000 0.03125000
vt 0.64062500 0.03125000
vt 0.64062500 0.01562500
vt 0.62500000 0.01562500
vt 0.62500000 0.03125000
vt 0.60937500 0.03125000
vt 0.60937500 0.01562500
vt 0.64062500 0.01562500
vt 0.64062500 0.03125000
vt 0.62500000 0.03125000
vt 0.62500000 0.01562500
vt 0.70312500 0.03125000
vt 0.70312500 0.01562500
vt 0.71875000 0.01562500
vt 0.71875000 0.03125000
vt 0.60937500 0.01562500
vt 0.60937500 0.03125000
vt 0.59375000 0.03125000
vt 0.59375000 0.01562500
vt 0.71875000 0.03125000
vt 0.71875000 0.01562500
vt 0.73437500 0.01562500
vt 0.73437500 0.03125000
vt 0.59375000 0.01562500
vt 0.59375000 0.03125000
vt 0.57812500 0.03125000
vt 0.57812500 0.01562500
vt 0.73437500 0.03125000
vt 0.73437500 0.01562500
vt 0.75000000 0.01562500
vt 0.75000000 0.03125000
vt 0.51562500 0.01562500
vt 0.51562500 0.03125000
vt 0.50000000 0.03125000
vt 0.50000000 0.01562500
vt 0.53125000 0.01562500
vt 0.53125000 0.03125000
vt 0.51562500 0.03125000
vt 0.51562500 0.01562500
vt 0.54687500 0.01562500
vt 0.54687500 0.03125000
vt 0.53125000 0.03125000
vt 0.53125000 0.01562500
vt 0.57812500 0.01562500
vt 0.57812500 0.03125000
vt 0.56250000 0.03125000
vt 0.56250000 0.01562500
vt 0.56250000 0.01562500
vt 0.56250000 0.03125000
vt 0.54687500 0.03125000
vt 0.54687500 0.01562500
vt 0.68750000 0.04687500
vt 0.68750000 0.03125000
vt 0.70312500 0.03125000
vt 0.70312500 0.04687500
vt 0.68750000 0.03125000
vt 0.68750000 0.04687500
vt 0.67187500 0.04687500
vt 0.67187500 0.03125000
vt 0.67187500 0.03125000
vt 0.67187500 0.04687500
vt 0.65625000 0.04687500
vt 0.65625000 0.03125000
vt 0.65625000 0.03125000
vt 0.65625000 0.04687500
vt 0.64062500 0.04687500
vt 0.64062500 0.03125000
vt 0.62500000 0.03125000
vt 0.62500000 0.04687500
vt 0.60937500 0.04687500
vt 0.60937500 0.03125000
vt 0.64062500 0.03125000
vt 0.64062500 0.04687500
vt 0.62500000 0.04687500
vt 0.62500000 0.03125000
vt 0.70312500 0.04687500
vt 0.70312500 0.03125000
vt 0.71875000 0.03125000
vt 0.71875000 0.04687500
vt 0.60937500 0.03125000
vt 0.60937500 0.04687500
vt 0.59375000 0.04687500
vt 0.59375000 0.03125000
vt 0.71875000 0.04687500
vt 0.71875000 0.03125000
vt 0.73437500 0.03125000
vt 0.73437500 0.04687500
vt 0.59375000 0.03125000
vt 0.59375000 0.04687500
vt 0.57812500 0.04687500
vt 0.57812500 0.03125000
vt 0.73437500 0.04687500
vt 0.73437500 0.03125000
vt 0.75000000 0.03125000
vt 0.75000000 0.04687500
vt 0.51562500 0.03125000
vt 0.51562500 0.04687500
vt 0.50000000 0.04687500
vt 0.50000000 0.03125000
vt 0.53125000 0.03125000
vt 0.53125000 0.04687500
vt 0.51562500 0.04687500
vt 0.51562500 0.03125000
vt 0.54687500 0.03125000
vt 0.54687500 0.04687500
vt 0.53125000 0.04687500
vt 0.53125000 0.03125000
vt 0.57812500 0.03125000
vt 0.57812500 0.04687500
vt 0.56250000 0.04687500
vt 0.56250000 0.03125000
vt 0.56250000 0.03125000
vt 0.56250000 0.04687500
vt 0.54687500 0.04687500
vt 0.54687500 0.03125000
vt 0.68750000 0.06250000
vt 0.68750000 0.04687500
vt 0.70312500 0.04687500
vt 0.70312500 0.06250000
vt 0.68750000 0.04687500
vt 0.68750000 0.06250000
vt 0.67187500 0.06250000
vt 0.67187500 0.04687500
vt 0.67187500 0.04687500
vt 0.67187500 0.06250000
vt 0.65625000 0.06250000
vt 0.65625000 0.04687500
vt 0.65625000 0.04687500
vt 0.65625000 0.06250000
vt 0.64062500 0.06250000
vt 0.64062500 0.04687500
vt 0.62500000 0.04687500
vt 0.62500000 0.06250000
vt 0.60937500 0.06250000
vt 0.60937500 0.04687500
vt 0.64062500 0.04687500
vt 0.64062500 0.06250000
vt 0.62500000 0.06250000
vt 0.62500000 0.04687500
vt 0.70312500 0.06250000
vt 0.70312500 0.04687500
vt 0.71875000 0.04687500
vt 0.71875000 0.06250000
vt 0.60937500 0.04687500
vt 0.60937500 0.06250000
vt 0.59375000 0.06250000
vt 0.59375000 0.04687500
vt 0.71875000 0.06250000
vt 0.71875000 0.04687500
vt 0.73437500 0.04687500
vt 0.73437500 0.06250000
vt 0.59375000 0.04687500
vt 0.59375000 0.06250000
vt 0.57812500 0.06250000
vt 0.57812500 0.04687500
vt 0.73437500 0.06250000
vt 0.73437500 0.04687500
vt 0.75000000 0.04687500
vt 0.75000000 0.06250000
vt 0.51562500 0.04687500
vt 0.51562500 0.06250000
vt 0.50000000 0.06250000
vt 0.50000000 0.04687500
vt 0.53125000 0.04687500
vt 0.53125000 0.06250000
vt 0.51562500 0.06250000
vt 0.51562500 0.04687500
vt 0.54687500 0.04687500
vt 0.54687500 0.06250000
vt 0.53125000 0.06250000
vt 0.53125000 0.04687500
vt 0.57812500 0.04687500
vt 0.57812500 0.06250000
vt 0.56250000 0.06250000
vt 0.56250000 0.04687500
vt 0.56250000 0.04687500
vt 0.56250000 0.06250000
vt 0.54687500 0.06250000
vt 0.54687500 0.04687500
vt 0.68750000 0.07812500
vt 0.68750000 0.06250000
vt 0.70312500 0.06250000
vt 0.70312500 0.07812500
vt 0.68750000 0.06250000
vt 0.68750000 0.07812500
vt 0.67187500 0.07812500
vt 0.67187500 0.06250000
vt 0.67187500 0.06250000
vt 0.67187500 0.07812500
vt 0.65625000 0.07812500
vt 0.65625000 0.06250000
vt 0.65625000 0.06250000
vt 0.65625000 0.07812500
vt 0.64062500 0.07812500
vt 0.64062500 0.06250000
vt 0.62500000 0.06250000
vt 0.62500000 0.07812500
vt 0.60937500 0.07812500
vt 0.60937500 0.06250000
vt 0.64062500 0.06250000
vt 0.64062500 0.07812500
vt 0.62500000 0.07812500
vt 0.62500000 0.06250000
vt 0.70312500 0.07812500
vt 0.70312500 0.06250000
vt 0.71875000 0.06250000
vt 0.71875000 0.07812500
vt 0.60937500 0.06250000
vt 0.60937500 0.07812500
vt 0.59375000 0.07812500
vt 0.59375000 0.06250000
vt 0.71875000 0.07812500
vt 0.71875000 0.06250000
vt 0.73437500 0.06250000
vt 0.73437500 0.07812500
vt 0.59375000 0.06250000
vt 0.59375000 0.07812500
vt 0.57812500 0.07812500
vt 0.57812500 0.06250000
vt 0.73437500 0.07812500
vt 0.73437500 0.06250000
vt 0.75000000 0.06250000
vt 0.75000000 0.07812500
vt 0.51562500 0.06250000
vt 0.51562500 0.07812500
vt 0.50000000 0.07812500
vt 0.50000000 0.06250000
vt 0.53125000 0.06250000
vt 0.53125000 0.07812500
vt 0.51562500 0.07812500
vt 0.51562500 0.06250000
vt 0.54687500 0.06250000
vt 0.54687500 0.07812500
vt 0.53125000 0.07812500
vt 0.53125000 0.06250000
vt 0.57812500 0.06250000
vt 0.57812500 0.07812500
vt 0.56250000 0.07812500
vt 0.56250000 0.06250000
vt 0.56250000 0.06250000
vt 0.56250000 0.07812500
vt 0.54687500 0.07812500
vt 0.54687500 0.06250000
vt 0.68750000 0.09375000
vt 0.68750000 0.07812500
vt 0.70312500 0.07812500
vt 0.70312500 0.09375000
vt 0.68750000 0.07812500
vt 0.68750000 0.09375000
vt 0.67187500 0.09375000
vt 0.67187500 0.07812500
vt 0.67187500 0.07812500
vt 0.67187500 0.09375000
vt 0.65625000 0.09375000
vt 0.65625000 0.07812500
vt 0.65625000 0.07812500
vt 0.65625000 0.09375000
vt 0.64062500 0.09375000
vt 0.64062500 0.07812500
vt 0.62500000 0.07812500
vt 0.62500000 0.09375000
vt 0.60937500 0.09375000
vt 0.60937500 0.07812500
vt 0.64062500 0.07812500
vt 0.64062500 0.09375000
vt 0.62500000 0.09375000
vt 0.62500000 0.07812500
vt 0.70312500 0.09375000
vt 0.70312500 0.07812500
vt 0.71875000 0.07812500
vt 0.71875000 0.09375000
vt 0.60937500 0.07812500
vt 0.60937500 0.09375000
vt 0.59375000 0.09375000
vt 0.59375000 0.07812500
vt 0.71875000 0.09375000
vt 0.71875000 0.07812500
vt 0.73437500 0.07812500
vt 0.73437500 0.09375000
vt 0.59375000 0.07812500
vt 0.59375000 0.09375000
vt 0.57812500 0.09375000
vt 0.57812500 0.07812500
vt 0.73437500 0.09375000
vt 0.73437500 0.07812500
vt 0.75000000 0.07812500
vt 0.75000000 0.09375000
vt 0.51562500 0.07812500
vt 0.51562500 0.09375000
vt 0.50000000 0.09375000
vt 0.50000000 0.07812500
vt 0.53125000 0.07812500
vt 0.53125000 0.09375000
vt 0.51562500 0.09375000
vt 0.51562500 0.07812500
vt 0.54687500 0.07812500
vt 0.54687500 0.09375000
vt 0.53125000 0.09375000
vt 0.53125000 0.07812500
vt 0.57812500 0.07812500
vt 0.57812500 0.09375000
vt 0.56250000 0.09375000
vt 0.56250000 0.07812500
vt 0.56250000 0.07812500
vt 0.56250000 0.09375000
vt 0.54687500 0.09375000
vt 0.54687500 0.07812500
vt 0.68750000 0.10937500
vt 0.68750000 0.09375000
vt 0.70312500 0.09375000
vt 0.70312500 0.10937500
vt 0.68750000 0.09375000
vt 0.68750000 0.10937500
vt 0.67187500 0.10937500
vt 0.67187500 0.09375000
vt 0.67187500 0.09375000
vt 0.67187500 0.10937500
vt 0.65625000 0.10937500
vt 0.65625000 0.09375000
vt 0.65625000 0.09375000
vt 0.65625000 0.10937500
vt 0.64062500 0.10937500
vt 0.64062500 0.09375000
vt 0.62500000 0.09375000
vt 0.62500000 0.10937500
vt 0.60937500 0.10937500
vt 0.60937500 0.09375000
vt 0.64062500 0.09375000
vt 0.64062500 0.10937500
vt 0.62500000 0.10937500
vt 0.62500000 0.09375000
vt 0.70312500 0.10937500
vt 0.70312500 0.09375000
vt 0.71875000 0.09375000
vt 0.71875000 0.10937500
vt 0.60937500 0.09375000
vt 0.60937500 0.10937500
vt 0.59375000 0.10937500
vt 0.59375000 0.09375000
vt 0.71875000 0.10937500
vt 0.71875000 0.09375000
vt 0.73437500 0.09375000
vt 0.73437500 0.10937500
vt 0.59375000 0.09375000
vt 0.59375000 0.10937500
vt 0.57812500 0.10937500
vt 0.57812500 0.09375000
vt 0.73437500 0.10937500
vt 0.73437500 0.09375000
vt 0.75000000 0.09375000
vt 0.75000000 0.10937500
vt 0.51562500 0.09375000
vt 0.51562500 0.10937500
vt 0.50000000 0.10937500
vt 0.50000000 0.09375000
vt 0.53125000 0.09375000
vt 0.53125000 0.10937500
vt 0.51562500 0.10937500
vt 0.51562500 0.09375000
vt 0.54687500 0.09375000
vt 0.54687500 0.10937500
vt 0.53125000 0.10937500
vt 0.53125000 0.09375000
vt 0.57812500 0.09375000
vt 0.57812500 0.10937500
vt 0.56250000 0.10937500
vt 0.56250000 0.09375000
vt 0.56250000 0.09375000
vt 0.56250000 0.10937500
vt 0.54687500 0.10937500
vt 0.54687500 0.09375000
vt 0.68750000 0.12500000
vt 0.68750000 0.10937500
vt 0.70312500 0.10937500
vt 0.70312500 0.12500000
vt 0.68750000 0.10937500
vt 0.68750000 0.12500000
vt 0.67187500 0.12500000
vt 0.67187500 0.10937500
vt 0.67187500 0.10937500
vt 0.67187500 0.12500000
vt 0.65625000 0.12500000
vt 0.65625000 0.10937500
vt 0.65625000 0.10937500
vt 0.65625000 0.12500000
vt 0.64062500 0.12500000
vt 0.64062500 0.10937500
vt 0.62500000 0.10937500
vt 0.62500000 0.12500000
vt 0.60937500 0.12500000
vt 0.60937500 0.10937500
vt 0.64062500 0.10937500
vt 0.64062500 0.12500000
vt 0.62500000 0.12500000
vt 0.62500000 0.10937500
vt 0.70312500 0.12500000
vt 0.70312500 0.10937500
vt 0.71875000 0.10937500
vt 0.71875000 0.12500000
vt 0.60937500 0.10937500
vt 0.60937500 0.12500000
vt 0.59375000 0.12500000
vt 0.59375000 0.10937500
vt 0.71875000 0.12500000
vt 0.71875000 0.10937500
vt 0.73437500 0.10937500
vt 0.73437500 0.12500000
vt 0.59375000 0.10937500
vt 0.59375000 0.12500000
vt 0.57812500 0.12500000
vt 0.57812500 0.10937500
vt 0.73437500 0.12500000
vt 0.73437500 0.10937500
vt 0.75000000 0.10937500
vt 0.75000000 0.12500000
vt 0.51562500 0.10937500
vt 0.51562500 0.12500000
vt 0.50000000 0.12500000
vt 0.50000000 0.10937500
vt 0.53125000 0.10937500
vt 0.53125000 0.12500000
vt 0.51562500 0.12500000
vt 0.51562500 0.10937500
vt 0.54687500 0.10937500
vt 0.54687500 0.12500000
vt 0.53125000 0.12500000
vt 0.53125000 0.10937500
vt 0.57812500 0.10937500
vt 0.57812500 0.12500000
vt 0.56250000 0.12500000
vt 0.56250000 0.10937500
vt 0.56250000 0.10937500
vt 0.56250000 0.12500000
vt 0.54687500 0.12500000
vt 0.54687500 0.10937500
vt 0.68750000 0.14062500
vt 0.68750000 0.12500000
vt 0.70312500 0.12500000
vt 0.70312500 0.14062500
vt 0.68750000 0.12500000
vt 0.68750000 0.14062500
vt 0.67187500 0.14062500
vt 0.67187500 0.12500000
vt 0.67187500 0.12500000
vt 0.67187500 0.14062500
vt 0.65625000 0.14062500
vt 0.65625000 0.12500000
vt 0.65625000 0.12500000
vt 0.65625000 0.14062500
vt 0.64062500 0.14062500
vt 0.64062500 0.12500000
vt 0.62500000 0.12500000
vt 0.62500000 0.14062500
vt 0.60937500 0.14062500
vt 0.60937500 0.12500000
vt 0.64062500 0.12500000
vt 0.64062500 0.14062500
vt 0.62500000 0.14062500
vt 0.62500000 0.12500000
vt 0.70312500 0.14062500
vt 0.70312500 0.12500000
vt 0.71875000 0.12500000
vt 0.71875000 0.14062500
vt 0.60937500 0.12500000
vt 0.60937500 0.14062500
vt 0.59375000 0.14062500
vt 0.59375000 0.12500000
vt 0.71875000 0.14062500
vt 0.71875000 0.12500000
vt 0.73437500 0.12500000
vt 0.73437500 0.14062500
vt 0.59375000 0.12500000
vt 0.59375000 0.14062500
vt 0.57812500 0.14062500
vt 0.57812500 0.12500000
vt 0.73437500 0.14062500
vt 0.73437500 0.12500000
vt 0.75000000 0.12500000
vt 0.75000000 0.14062500
vt 0.51562500 0.12500000
vt 0.51562500 0.14062500
vt 0.50000000 0.14062500
vt 0.50000000 0.12500000
vt 0.53125000 0.12500000
vt 0.53125000 0.14062500
vt 0.51562500 0.14062500
vt 0.51562500 0.12500000
vt 0.54687500 0.12500000
vt 0.54687500 0.14062500
vt 0.53125000 0.14062500
vt 0.53125000 0.12500000
vt 0.57812500 0.12500000
vt 0.57812500 0.14062500
vt 0.56250000 0.14062500
vt 0.56250000 0.12500000
vt 0.56250000 0.12500000
vt 0.56250000 0.14062500
vt 0.54687500 0.14062500
vt 0.54687500 0.12500000
vt 0.68750000 0.15625000
vt 0.68750000 0.14062500
vt 0.70312500 0.14062500
vt 0.70312500 0.15625000
vt 0.68750000 0.14062500
vt 0.68750000 0.15625000
vt 0.67187500 0.15625000
vt 0.67187500 0.14062500
vt 0.67187500 0.14062500
vt 0.67187500 0.15625000
vt 0.65625000 0.15625000
vt 0.65625000 0.14062500
vt 0.65625000 0.14062500
vt 0.65625000 0.15625000
vt 0.64062500 0.15625000
vt 0.64062500 0.14062500
vt 0.62500000 0.14062500
vt 0.62500000 0.15625000
vt 0.60937500 0.15625000
vt 0.60937500 0.14062500
vt 0.64062500 0.14062500
vt 0.64062500 0.15625000
vt 0.62500000 0.15625000
vt 0.62500000 0.14062500
vt 0.70312500 0.15625000
vt 0.70312500 0.14062500
vt 0.71875000 0.14062500
vt 0.71875000 0.15625000
vt 0.60937500 0.14062500
vt 0.60937500 0.15625000
vt 0.59375000 0.15625000
vt 0.59375000 0.14062500
vt 0.71875000 0.15625000
vt 0.71875000 0.14062500
vt 0.73437500 0.14062500
vt 0.73437500 0.15625000
vt 0.59375000 0.14062500
vt 0.59375000 0.15625000
vt 0.57812500 0.15625000
vt 0.57812500 0.14062500
vt 0.73437500 0.15625000
vt 0.73437500 0.14062500
vt 0.75000000 0.14062500
vt 0.75000000 0.15625000
vt 0.51562500 0.14062500
vt 0.51562500 0.15625000
vt 0.50000000 0.15625000
vt 0.50000000 0.14062500
vt 0.53125000 0.14062500
vt 0.53125000 0.15625000
vt 0.51562500 0.15625000
vt 0.51562500 0.14062500
vt 0.54687500 0.14062500
vt 0.54687500 0.15625000
vt 0.53125000 0.15625000
vt 0.53125000 0.14062500
vt 0.57812500 0.14062500
vt 0.57812500 0.15625000
vt 0.56250000 0.15625000
vt 0.56250000 0.14062500
vt 0.56250000 0.14062500
vt 0.56250000 0.15625000
vt 0.54687500 0.15625000
vt 0.54687500 0.14062500
vt 0.68750000 0.17187500
vt 0.68750000 0.15625000
vt 0.70312500 0.15625000
vt 0.70312500 0.17187500
vt 0.68750000 0.15625000
vt 0.68750000 0.17187500
vt 0.67187500 0.17187500
vt 0.67187500 0.15625000
vt 0.67187500 0.15625000
vt 0.67187500 0.17187500
vt 0.65625000 0.17187500
vt 0.65625000 0.15625000
vt 0.65625000 0.15625000
vt 0.65625000 0.17187500
vt 0.64062500 0.17187500
vt 0.64062500 0.15625000
vt 0.62500000 0.15625000
vt 0.62500000 0.17187500
vt 0.60937500 0.17187500
vt 0.60937500 0.15625000
vt 0.64062500 0.15625000
vt 0.64062500 0.17187500
vt 0.62500000 0.17187500
vt 0.62500000 0.15625000
vt 0.70312500 0.17187500
vt 0.70312500 0.15625000
vt 0.71875000 0.15625000
vt 0.71875000 0.17187500
vt 0.60937500 0.15625000
vt 0.60937500 0.17187500
vt 0.59375000 0.17187500
vt 0.59375000 0.15625000
vt 0.71875000 0.17187500
vt 0.71875000 0.15625000
vt 0.73437500 0.15625000
vt 0.73437500 0.17187500
vt 0.59375000 0.15625000
vt 0.59375000 0.17187500
vt 0.57812500 0.17187500
vt 0.57812500 0.15625000
vt 0.73437500 0.17187500
vt 0.73437500 0.15625000
vt 0.75000000 0.15625000
vt 0.75000000 0.17187500
vt 0.51562500 0.15625000
vt 0.51562500 0.17187500
vt 0.50000000 0.17187500
vt 0.50000000 0.15625000
vt 0.53125000 0.15625000
vt 0.53125000 0.17187500
vt 0.51562500 0.17187500
vt 0.51562500 0.15625000
vt 0.54687500 0.15625000
vt 0.54687500 0.17187500
vt 0.53125000 0.17187500
vt 0.53125000 0.15625000
vt 0.57812500 0.15625000
vt 0.57812500 0.17187500
vt 0.56250000 0.17187500
vt 0.56250000 0.15625000
vt 0.56250000 0.15625000
vt 0.56250000 0.17187500
vt 0.54687500 0.17187500
vt 0.54687500 0.15625000
vt 0.68750000 0.18750000
vt 0.68750000 0.17187500
vt 0.70312500 0.17187500
vt 0.70312500 0.18750000
vt 0.68750000 0.17187500
vt 0.68750000 0.18750000
vt 0.67187500 0.18750000
vt 0.67187500 0.17187500
vt 0.67187500 0.17187500
vt 0.67187500 0.18750000
vt 0.65625000 0.18750000
vt 0.65625000 0.17187500
vt 0.65625000 0.17187500
vt 0.65625000 0.18750000
vt 0.64062500 0.18750000
vt 0.64062500 0.17187500
vt 0.62500000 0.17187500
vt 0.62500000 0.18750000
vt 0.60937500 0.18750000
vt 0.60937500 0.17187500
vt 0.64062500 0.17187500
vt 0.64062500 0.18750000
vt 0.62500000 0.18750000
vt 0.62500000 0.17187500
vt 0.70312500 0.18750000
vt 0.70312500 0.17187500
vt 0.71875000 0.17187500
vt 0.71875000 0.18750000
vt 0.60937500 0.17187500
vt 0.60937500 0.18750000
vt 0.59375000 0.18750000
vt 0.59375000 0.17187500
vt 0.71875000 0.18750000
vt 0.71875000 0.17187500
vt 0.73437500 0.17187500
vt 0.73437500 0.18750000
vt 0.59375000 0.17187500
vt 0.59375000 0.18750000
vt 0.57812500 0.18750000
vt 0.57812500 0.17187500
vt 0.73437500 0.18750000
vt 0.73437500 0.17187500
vt 0.75000000 0.17187500
vt 0.75000000 0.18750000
vt 0.51562500 0.17187500
vt 0.51562500 0.18750000
vt 0.50000000 0.18750000
vt 0.50000000 0.17187500
vt 0.53125000 0.17187500
vt 0.53125000 0.18750000
vt 0.51562500 0.18750000
vt 0.51562500 0.17187500
vt 0.54687500 0.17187500
vt 0.54687500 0.18750000
vt 0.53125000 0.18750000
vt 0.53125000 0.17187500
vt 0.57812500 0.17187500
vt 0.57812500 0.18750000
vt 0.56250000 0.18750000
vt 0.56250000 0.17187500
vt 0.56250000 0.17187500
vt 0.56250000 0.18750000
vt 0.54687500 0.18750000
vt 0.54687500 0.17187500
vt 0.81250000 0.67187500
vt 0.81250000 0.68750000
vt 0.82812500 0.68750000
vt 0.82812500 0.67187500
vt 0.81250000 0.68750000
vt 0.81250000 0.67187500
vt 0.79687500 0.67187500
vt 0.79687500 0.68750000
vt 0.79687500 0.68750000
vt 0.79687500 0.67187500
vt 0.78125000 0.67187500
vt 0.78125000 0.68750000
vt 0.78125000 0.68750000
vt 0.78125000 0.67187500
vt 0.76562500 0.67187500
vt 0.76562500 0.68750000
vt 0.75000000 0.68750000
vt 0.75000000 0.67187500
vt 0.73437500 0.67187500
vt 0.73437500 0.68750000
vt 0.76562500 0.68750000
vt 0.76562500 0.67187500
vt 0.75000000 0.67187500
vt 0.75000000 0.68750000
vt 0.82812500 0.67187500
vt 0.82812500 0.68750000
vt 0.84375000 0.68750000
vt 0.84375000 0.67187500
vt 0.73437500 0.68750000
vt 0.73437500 0.67187500
vt 0.71875000 0.67187500
vt 0.71875000 0.68750000
vt 0.84375000 0.67187500
vt 0.84375000 0.68750000
vt 0.85937500 0.68750000
vt 0.85937500 0.67187500
vt 0.71875000 0.68750000
vt 0.71875000 0.67187500
vt 0.70312500 0.67187500
vt 0.70312500 0.68750000
vt 0.85937500 0.67187500
vt 0.85937500 0.68750000
vt 0.87500000 0.68750000
vt 0.87500000 0.67187500
vt 0.64062500 0.68750000
vt 0.64062500 0.67187500
vt 0.62500000 0.67187500
vt 0.62500000 0.68750000
vt 0.65625000 0.68750000
vt 0.65625000 0.67187500
vt 0.64062500 0.67187500
vt 0.64062500 0.68750000
vt 0.67187500 0.68750000
vt 0.67187500 0.67187500
vt 0.65625000 0.67187500
vt 0.65625000 0.68750000
vt 0.70312500 0.68750000
vt 0.70312500 0.67187500
vt 0.68750000 0.67187500
vt 0.68750000 0.68750000
vt 0.68750000 0.68750000
vt 0.68750000 0.67187500
vt 0.67187500 0.67187500
vt 0.67187500 0.68750000
vt 0.81250000 0.65625000
vt 0.81250000 0.67187500
vt 0.82812500 0.67187500
vt 0.82812500 0.65625000
vt 0.81250000 0.67187500
vt 0.81250000 0.65625000
vt 0.79687500 0.65625000
vt 0.79687500 0.67187500
vt 0.79687500 0.67187500
vt 0.79687500 0.65625000
vt 0.78125000 0.65625000
vt 0.78125000 0.67187500
vt 0.78125000 0.67187500
vt 0.78125000 0.65625000
vt 0.76562500 0.65625000
vt 0.76562500 0.67187500
vt 0.75000000 0.67187500
vt 0.75000000 0.65625000
vt 0.73437500 0.65625000
vt 0.73437500 0.67187500
vt 0.76562500 0.67187500
vt 0.76562500 0.65625000
vt 0.75000000 0.65625000
vt 0.75000000 0.67187500
vt 0.82812500 0.65625000
vt 0.82812500 0.67187500
vt 0.84375000 0.67187500
vt 0.84375000 0.65625000
vt 0.73437500 0.67187500
vt 0.73437500 0.65625000
vt 0.71875000 0.65625000
vt 0.71875000 0.67187500
vt 0.84375000 0.65625000
vt 0.84375000 0.67187500
vt 0.85937500 0.67187500
vt 0.85937500 0.65625000
vt 0.71875000 0.67187500
vt 0.71875000 0.65625000
vt 0.70312500 0.65625000
vt 0.70312500 0.67187500
vt 0.85937500 0.65625000
vt 0.85937500 0.67187500
vt 0.87500000 0.67187500
vt 0.87500000 0.65625000
vt 0.64062500 0.67187500
vt 0.64062500 0.65625000
vt 0.62500000 0.65625000
vt 0.62500000 0.67187500
vt 0.65625000 0.67187500
vt 0.65625000 0.65625000
vt 0.64062500 0.65625000
vt 0.64062500 0.67187500
vt 0.67187500 0.67187500
vt 0.67187500 0.65625000
vt 0.65625000 0.65625000
vt 0.65625000 0.67187500
vt 0.70312500 0.67187500
vt 0.70312500 0.65625000
vt 0.68750000 0.65625000
vt 0.68750000 0.67187500
vt 0.68750000 0.67187500
vt 0.68750000 0.65625000
vt 0.67187500 0.65625000
vt 0.67187500 0.67187500
vt 0.81250000 0.64062500
vt 0.81250000 0.65625000
vt 0.82812500 0.65625000
vt 0.82812500 0.64062500
vt 0.81250000 0.65625000
vt 0.81250000 0.64062500
vt 0.79687500 0.64062500
vt 0.79687500 0.65625000
vt 0.79687500 0.65625000
vt 0.79687500 0.64062500
vt 0.78125000 0.64062500
vt 0.78125000 0.65625000
vt 0.78125000 0.65625000
vt 0.78125000 0.64062500
vt 0.76562500 0.64062500
vt 0.76562500 0.65625000
vt 0.75000000 0.65625000
vt 0.75000000 0.64062500
vt 0.73437500 0.64062500
vt 0.73437500 0.65625000
vt 0.76562500 0.65625000
vt 0.76562500 0.64062500
vt 0.75000000 0.64062500
vt 0.75000000 0.65625000
vt 0.82812500 0.64062500
vt 0.82812500 0.65625000
vt 0.84375000 0.65625000
vt 0.84375000 0.64062500
vt 0.73437500 0.65625000
vt 0.73437500 0.64062500
vt 0.71875000 0.64062500
vt 0.71875000 0.65625000
vt 0.84375000 0.64062500
vt 0.84375000 0.65625000
vt 0.85937500 0.65625000
vt 0.85937500 0.64062500
vt 0.71875000 0.65625000
vt 0.71875000 0.64062500
vt 0.70312500 0.64062500
vt 0.70312500 0.65625000
vt 0.85937500 0.64062500
vt 0.85937500 0.65625000
vt 0.87500000 0.65625000
vt 0.87500000 0.64062500
vt 0.64062500 0.65625000
vt 0.64062500 0.64062500
vt 0.62500000 0.64062500
vt 0.62500000 0.65625000
vt 0.65625000 0.65625000
vt 0.65625000 0.64062500
vt 0.64062500 0.64062500
vt 0.64062500 0.65625000
vt 0.67187500 0.65625000
vt 0.67187500 0.64062500
vt 0.65625000 0.64062500
vt 0.65625000 0.65625000
vt 0.70312500 0.65625000
vt 0.70312500 0.64062500
vt 0.68750000 0.64062500
vt 0.68750000 0.65625000
vt 0.68750000 0.65625000
vt 0.68750000 0.64062500
vt 0.67187500 0.64062500
vt 0.67187500 0.65625000
vt 0.81250000 0.62500000
vt 0.81250000 0.64062500
vt 0.82812500 0.64062500
vt 0.82812500 0.62500000
vt 0.81250000 0.64062500
vt 0.81250000 0.62500000
vt 0.79687500 0.62500000
vt 0.79687500 0.64062500
vt 0.79687500 0.64062500
vt 0.79687500 0.62500000
vt 0.78125000 0.62500000
vt 0.78125000 0.64062500
vt 0.78125000 0.64062500
vt 0.78125000 0.62500000
vt 0.76562500 0.62500000
vt 0.76562500 0.64062500
vt 0.75000000 0.64062500
vt 0.75000000 0.62500000
vt 0.73437500 0.62500000
vt 0.73437500 0.64062500
vt 0.76562500 0.64062500
vt 0.76562500 0.62500000
vt 0.75000000 0.62500000
vt 0.75000000 0.64062500
vt 0.82812500 0.62500000
vt 0.82812500 0.64062500
vt 0.84375000 0.64062500
vt 0.84375000 0.62500000
vt 0.73437500 0.64062500
vt 0.73437500 0.62500000
vt 0.71875000 0.62500000
vt 0.71875000 0.64062500
vt 0.84375000 0.62500000
vt 0.84375000 0.64062500
vt 0.85937500 0.64062500
vt 0.85937500 0.62500000
vt 0.71875000 0.64062500
vt 0.71875000 0.62500000
vt 0.70312500 0.62500000
vt 0.70312500 0.64062500
vt 0.85937500 0.62500000
vt 0.85937500 0.64062500
vt 0.87500000 0.64062500
vt 0.87500000 0.62500000
vt 0.64062500 0.64062500
vt 0.64062500 0.62500000
vt 0.62500000 0.62500000
vt 0.62500000 0.64062500
vt 0.65625000 0.64062500
vt 0.65625000 0.62500000
vt 0.64062500 0.62500000
vt 0.64062500 0.64062500
vt 0.67187500 0.64062500
vt 0.67187500 0.62500000
vt 0.65625000 0.62500000
vt 0.65625000 0.64062500
vt 0.70312500 0.64062500
vt 0.70312500 0.62500000
vt 0.68750000 0.62500000
vt 0.68750000 0.64062500
vt 0.68750000 0.64062500
vt 0.68750000 0.62500000
vt 0.67187500 0.62500000
vt 0.67187500 0.64062500
vt 0.81250000 0.60937500
vt 0.81250000 0.62500000
vt 0.82812500 0.62500000
vt 0.82812500 0.60937500
vt 0.81250000 0.62500000
vt 0.81250000 0.60937500
vt 0.79687500 0.60937500
vt 0.79687500 0.62500000
vt 0.79687500 0.62500000
vt 0.79687500 0.60937500
vt 0.78125000 0.60937500
vt 0.78125000 0.62500000
vt 0.78125000 0.62500000
vt 0.78125000 0.60937500
vt 0.76562500 0.60937500
vt 0.76562500 0.62500000
vt 0.75000000 0.62500000
vt 0.75000000 0.60937500
vt 0.73437500 0.60937500
vt 0.73437500 0.62500000
vt 0.76562500 0.62500000
vt 0.76562500 0.60937500
vt 0.75000000 0.60937500
vt 0.75000000 0.62500000
vt 0.82812500 0.60937500
vt 0.82812500 0.62500000
vt 0.84375000 0.62500000
vt 0.84375000 0.60937500
vt 0.73437500 0.62500000
vt 0.73437500 0.60937500
vt 0.71875000 0.60937500
vt 0.71875000 0.62500000
vt 0.84375000 0.60937500
vt 0.84375000 0.62500000
vt 0.85937500 0.62500000
vt 0.85937500 0.60937500
vt 0.71875000 0.62500000
vt 0.71875000 0.60937500
vt 0.70312500 0.60937500
vt 0.70312500 0.62500000
vt 0.85937500 0.60937500
vt 0.85937500 0.62500000
vt 0.87500000 0.62500000
vt 0.87500000 0.60937500
vt 0.64062500 0.62500000
vt 0.64062500 0.60937500
vt 0.62500000 0.60937500
vt 0.62500000 0.62500000
vt 0.65625000 0.62500000
vt 0.65625000 0.60937500
vt 0.64062500 0.60937500
vt 0.64062500 0.62500000
vt 0.67187500 0.62500000
vt 0.67187500 0.60937500
vt 0.65625000 0.60937500
vt 0.65625000 0.62500000
vt 0.70312500 0.62500000
vt 0.70312500 0.60937500
vt 0.68750000 0.60937500
vt 0.68750000 0.62500000
vt 0.68750000 0.62500000
vt 0.68750000 0.60937500
vt 0.67187500 0.60937500
vt 0.67187500 0.62500000
vt 0.81250000 0.59375000
vt 0.81250000 0.60937500
vt 0.82812500 0.60937500
vt 0.82812500 0.59375000
vt 0.81250000 0.60937500
vt 0.81250000 0.59375000
vt 0.79687500 0.59375000
vt 0.79687500 0.60937500
vt 0.79687500 0.60937500
vt 0.79687500 0.59375000
vt 0.78125000 0.59375000
vt 0.78125000 0.60937500
vt 0.78125000 0.60937500
vt 0.78125000 0.59375000
vt 0.76562500 0.59375000
vt 0.76562500 0.60937500
vt 0.75000000 0.60937500
vt 0.75000000 0.59375000
vt 0.73437500 0.59375000
vt 0.73437500 0.60937500
vt 0.76562500 0.60937500
vt 0.76562500 0.59375000
vt 0.75000000 0.59375000
vt 0.75000000 0.60937500
vt 0.82812500 0.59375000
vt 0.82812500 0.60937500
vt 0.84375000 0.60937500
vt 0.84375000 0.59375000
vt 0.73437500 0.60937500
vt 0.73437500 0.59375000
vt 0.71875000 0.59375000
vt 0.71875000 0.60937500
vt 0.84375000 0.59375000
vt 0.84375000 0.60937500
vt 0.85937500 0.60937500
vt 0.85937500 0.59375000
vt 0.71875000 0.60937500
vt 0.71875000 0.59375000
vt 0.70312500 0.59375000
vt 0.70312500 0.60937500
vt 0.85937500 0.59375000
vt 0.85937500 0.60937500
vt 0.87500000 0.60937500
vt 0.87500000 0.59375000
vt 0.64062500 0.60937500
vt 0.64062500 0.59375000
vt 0.62500000 0.59375000
vt 0.62500000 0.60937500
vt 0.65625000 0.60937500
vt 0.65625000 0.59375000
vt 0.64062500 0.59375000
vt 0.64062500 0.60937500
vt 0.67187500 0.60937500
vt 0.67187500 0.59375000
vt 0.65625000 0.59375000
vt 0.65625000 0.60937500
vt 0.70312500 0.60937500
vt 0.70312500 0.59375000
vt 0.68750000 0.59375000
vt 0.68750000 0.60937500
vt 0.68750000 0.60937500
vt 0.68750000 0.59375000
vt 0.67187500 0.59375000
vt 0.67187500 0.60937500
vt 0.81250000 0.57812500
vt 0.81250000 0.59375000
vt 0.82812500 0.59375000
vt 0.82812500 0.57812500
vt 0.81250000 0.59375000
vt 0.81250000 0.57812500
vt 0.79687500 0.57812500
vt 0.79687500 0.59375000
vt 0.79687500 0.59375000
vt 0.79687500 0.57812500
vt 0.78125000 0.57812500
vt 0.78125000 0.59375000
vt 0.78125000 0.59375000
vt 0.78125000 0.57812500
vt 0.76562500 0.57812500
vt 0.76562500 0.59375000
vt 0.75000000 0.59375000
vt 0.75000000 0.57812500
vt 0.73437500 0.57812500
vt 0.73437500 0.59375000
vt 0.76562500 0.59375000
vt 0.76562500 0.57812500
vt 0.75000000 0.57812500
vt 0.75000000 0.59375000
vt 0.82812500 0.57812500
vt 0.82812500 0.59375000
vt 0.84375000 0.59375000
vt 0.84375000 0.57812500
vt 0.73437500 0.59375000
vt 0.73437500 0.57812500
vt 0.71875000 0.57812500
vt 0.71875000 0.59375000
vt 0.84375000 0.57812500
vt 0.84375000 0.59375000
vt 0.85937500 0.59375000
vt 0.85937500 0.57812500
vt 0.71875000 0.59375000
vt 0.71875000 0.57812500
vt 0.70312500 0.57812500
vt 0.70312500 0.59375000
vt 0.85937500 0.57812500
vt 0.85937500 0.59375000
vt 0.87500000 0.59375000
vt 0.87500000 0.57812500
vt 0.64062500 0.59375000
vt 0.64062500 0.57812500
vt 0.62500000 0.57812500
vt 0.62500000 0.59375000
vt 0.65625000 0.59375000
vt 0.65625000 0.57812500
vt 0.64062500 0.57812500
vt 0.64062500 0.59375000
vt 0.67187500 0.59375000
vt 0.67187500 0.57812500
vt 0.65625000 0.57812500
vt 0.65625000 0.59375000
vt 0.70312500 0.59375000
vt 0.70312500 0.57812500
vt 0.68750000 0.57812500
vt 0.68750000 0.59375000
vt 0.68750000 0.59375000
vt 0.68750000 0.57812500
vt 0.67187500 0.57812500
vt 0.67187500 0.59375000
vt 0.81250000 0.56250000
vt 0.81250000 0.57812500
vt 0.82812500 0.57812500
vt 0.82812500 0.56250000
vt 0.81250000 0.57812500
vt 0.81250000 0.56250000
vt 0.79687500 0.56250000
vt 0.79687500 0.57812500
vt 0.79687500 0.57812500
vt 0.79687500 0.56250000
vt 0.78125000 0.56250000
vt 0.78125000 0.57812500
vt 0.78125000 0.57812500
vt 0.78125000 0.56250000
vt 0.76562500 0.56250000
vt 0.76562500 0.57812500
vt 0.75000000 0.57812500
vt 0.75000000 0.56250000
vt 0.73437500 0.56250000
vt 0.73437500 0.57812500
vt 0.76562500 0.57812500
vt 0.76562500 0.56250000
vt 0.75000000 0.56250000
vt 0.75000000 0.57812500
vt 0.82812500 0.56250000
vt 0.82812500 0.57812500
vt 0.84375000 0.57812500
vt 0.84375000 0.56250000
vt 0.73437500 0.57812500
vt 0.73437500 0.56250000
vt 0.71875000 0.56250000
vt 0.71875000 0.57812500
vt 0.84375000 0.56250000
vt 0.84375000 0.57812500
vt 0.85937500 0.57812500
vt 0.85937500 0.56250000
vt 0.71875000 0.57812500
vt 0.71875000 0.56250000
vt 0.70312500 0.56250000
vt 0.70312500 0.57812500
vt 0.85937500 0.56250000
vt 0.85937500 0.57812500
vt 0.87500000 0.57812500
vt 0.87500000 0.56250000
vt 0.64062500 0.57812500
vt 0.64062500 0.56250000
vt 0.62500000 0.56250000
vt 0.62500000 0.57812500
vt 0.65625000 0.57812500
vt 0.65625000 0.56250000
vt 0.64062500 0.56250000
vt 0.64062500 0.57812500
vt 0.67187500 0.57812500
vt 0.67187500 0.56250000
vt 0.65625000 0.56250000
vt 0.65625000 0.57812500
vt 0.70312500 0.57812500
vt 0.70312500 0.56250000
vt 0.68750000 0.56250000
vt 0.68750000 0.57812500
vt 0.68750000 0.57812500
vt 0.68750000 0.56250000
vt 0.67187500 0.56250000
vt 0.67187500 0.57812500
vt 0.81250000 0.54687500
vt 0.81250000 0.56250000
vt 0.82812500 0.56250000
vt 0.82812500 0.54687500
vt 0.81250000 0.56250000
vt 0.81250000 0.54687500
vt 0.79687500 0.54687500
vt 0.79687500 0.56250000
vt 0.79687500 0.56250000
vt 0.79687500 0.54687500
vt 0.78125000 0.54687500
vt 0.78125000 0.56250000
vt 0.78125000 0.56250000
vt 0.78125000 0.54687500
vt 0.76562500 0.54687500
vt 0.76562500 0.56250000
vt 0.75000000 0.56250000
vt 0.75000000 0.54687500
vt 0.73437500 0.54687500
vt 0.73437500 0.56250000
vt 0.76562500 0.56250000
vt 0.76562500 0.54687500
vt 0.75000000 0.54687500
vt 0.75000000 0.56250000
vt 0.82812500 0.54687500
vt 0.82812500 0.56250000
vt 0.84375000 0.56250000
vt 0.84375000 0.54687500
vt 0.73437500 0.56250000
vt 0.73437500 0.54687500
vt 0.71875000 0.54687500
vt 0.71875000 0.56250000
vt 0.84375000 0.54687500
vt 0.84375000 0.56250000
vt 0.85937500 0.56250000
vt 0.85937500 0.54687500
vt 0.71875000 0.56250000
vt 0.71875000 0.54687500
vt 0.70312500 0.54687500
vt 0.70312500 0.56250000
vt 0.85937500 0.54687500
vt 0.85937500 0.56250000
vt 0.87500000 0.56250000
vt 0.87500000 0.54687500
vt 0.64062500 0.56250000
vt 0.64062500 0.54687500
vt 0.62500000 0.54687500
vt 0.62500000 0.56250000
vt 0.65625000 0.56250000
vt 0.65625000 0.54687500
vt 0.64062500 0.54687500
vt 0.64062500 0.56250000
vt 0.67187500 0.56250000
vt 0.67187500 0.54687500
vt 0.65625000 0.54687500
vt 0.65625000 0.56250000
vt 0.70312500 0.56250000
vt 0.70312500 0.54687500
vt 0.68750000 0.54687500
vt 0.68750000 0.56250000
vt 0.68750000 0.56250000
vt 0.68750000 0.54687500
vt 0.67187500 0.54687500
vt 0.67187500 0.56250000
vt 0.81250000 0.53125000
vt 0.81250000 0.54687500
vt 0.82812500 0.54687500
vt 0.82812500 0.53125000
vt 0.81250000 0.54687500
vt 0.81250000 0.53125000
vt 0.79687500 0.53125000
vt 0.79687500 0.54687500
vt 0.79687500 0.54687500
vt 0.79687500 0.53125000
vt 0.78125000 0.53125000
vt 0.78125000 0.54687500
vt 0.78125000 0.54687500
vt 0.78125000 0.53125000
vt 0.76562500 0.53125000
vt 0.76562500 0.54687500
vt 0.75000000 0.54687500
vt 0.75000000 0.53125000
vt 0.73437500 0.53125000
vt 0.73437500 0.54687500
vt 0.76562500 0.54687500
vt 0.76562500 0.53125000
vt 0.75000000 0.53125000
vt 0.75000000 0.54687500
vt 0.82812500 0.53125000
vt 0.82812500 0.54687500
vt 0.84375000 0.54687500
vt 0.84375000 0.53125000
vt 0.73437500 0.54687500
vt 0.73437500 0.53125000
vt 0.71875000 0.53125000
vt 0.71875000 0.54687500
vt 0.84375000 0.53125000
vt 0.84375000 0.54687500
vt 0.85937500 0.54687500
vt 0.85937500 0.53125000
vt 0.71875000 0.54687500
vt 0.71875000 0.53125000
vt 0.70312500 0.53125000
vt 0.70312500 0.54687500
vt 0.85937500 0.53125000
vt 0.85937500 0.54687500
vt 0.87500000 0.54687500
vt 0.87500000 0.53125000
vt 0.64062500 0.54687500
vt 0.64062500 0.53125000
vt 0.62500000 0.53125000
vt 0.62500000 0.54687500
vt 0.65625000 0.54687500
vt 0.65625000 0.53125000
vt 0.64062500 0.53125000
vt 0.64062500 0.54687500
vt 0.67187500 0.54687500
vt 0.67187500 0.53125000
vt 0.65625000 0.53125000
vt 0.65625000 0.54687500
vt 0.70312500 0.54687500
vt 0.70312500 0.53125000
vt 0.68750000 0.53125000
vt 0.68750000 0.54687500
vt 0.68750000 0.54687500
vt 0.68750000 0.53125000
vt 0.67187500 0.53125000
vt 0.67187500 0.54687500
vt 0.81250000 0.51562500
vt 0.81250000 0.53125000
vt 0.82812500 0.53125000
vt 0.82812500 0.51562500
vt 0.81250000 0.53125000
vt 0.81250000 0.51562500
vt 0.79687500 0.51562500
vt 0.79687500 0.53125000
vt 0.79687500 0.53125000
vt 0.79687500 0.51562500
vt 0.78125000 0.51562500
vt 0.78125000 0.53125000
vt 0.78125000 0.53125000
vt 0.78125000 0.51562500
vt 0.76562500 0.51562500
vt 0.76562500 0.53125000
vt 0.75000000 0.53125000
vt 0.75000000 0.51562500
vt 0.73437500 0.51562500
vt 0.73437500 0.53125000
vt 0.76562500 0.53125000
vt 0.76562500 0.51562500
vt 0.75000000 0.51562500
vt 0.75000000 0.53125000
vt 0.82812500 0.51562500
vt 0.82812500 0.53125000
vt 0.84375000 0.53125000
vt 0.84375000 0.51562500
vt 0.73437500 0.53125000
vt 0.73437500 0.51562500
vt 0.71875000 0.51562500
vt 0.71875000 0.53125000
vt 0.84375000 0.51562500
vt 0.84375000 0.53125000
vt 0.85937500 0.53125000
vt 0.85937500 0.51562500
vt 0.71875000 0.53125000
vt 0.71875000 0.51562500
vt 0.70312500 0.51562500
vt 0.70312500 0.53125000
vt 0.85937500 0.51562500
vt 0.85937500 0.53125000
vt 0.87500000 0.53125000
vt 0.87500000 0.51562500
vt 0.64062500 0.53125000
vt 0.64062500 0.51562500
vt 0.62500000 0.51562500
vt 0.62500000 0.53125000
vt 0.65625000 0.53125000
vt 0.65625000 0.51562500
vt 0.64062500 0.51562500
vt 0.64062500 0.53125000
vt 0.67187500 0.53125000
vt 0.67187500 0.51562500
vt 0.65625000 0.51562500
vt 0.65625000 0.53125000
vt 0.70312500 0.53125000
vt 0.70312500 0.51562500
vt 0.68750000 0.51562500
vt 0.68750000 0.53125000
vt 0.68750000 0.53125000
vt 0.68750000 0.51562500
vt 0.67187500 0.51562500
vt 0.67187500 0.53125000
vt 0.81250000 0.50000000
vt 0.81250000 0.51562500
vt 0.82812500 0.51562500
vt 0.82812500 0.50000000
vt 0.81250000 0.73437500
vt 0.81250000 0.75000000
vt 0.79687500 0.75000000
vt 0.79687500 0.73437500
vt 0.81250000 0.51562500
vt 0.81250000 0.50000000
vt 0.79687500 0.50000000
vt 0.79687500 0.51562500
vt 0.81250000 0.71875000
vt 0.81250000 0.73437500
vt 0.79687500 0.73437500
vt 0.79687500 0.71875000
vt 0.79687500 0.51562500
vt 0.79687500 0.50000000
vt 0.78125000 0.50000000
vt 0.78125000 0.51562500
vt 0.81250000 0.70312500
vt 0.81250000 0.71875000
vt 0.79687500 0.71875000
vt 0.79687500 0.70312500
vt 0.78125000 0.51562500
vt 0.78125000 0.50000000
vt 0.76562500 0.50000000
vt 0.76562500 0.51562500
vt 0.75000000 0.51562500
vt 0.75000000 0.50000000
vt 0.73437500 0.50000000
vt 0.73437500 0.51562500
vt 0.81250000 0.68750000
vt 0.81250000 0.70312500
vt 0.79687500 0.70312500
vt 0.79687500 0.68750000
vt 0.76562500 0.51562500
vt 0.76562500 0.50000000
vt 0.75000000 0.50000000
vt 0.75000000 0.51562500
vt 0.82812500 0.50000000
vt 0.82812500 0.51562500
vt 0.84375000 0.51562500
vt 0.84375000 0.50000000
vt 0.79687500 0.73437500
vt 0.79687500 0.75000000
vt 0.78125000 0.75000000
vt 0.78125000 0.73437500
vt 0.79687500 0.71875000
vt 0.79687500 0.73437500
vt 0.78125000 0.73437500
vt 0.78125000 0.71875000
vt 0.79687500 0.70312500
vt 0.79687500 0.71875000
vt 0.78125000 0.71875000
vt 0.78125000 0.70312500
vt 0.73437500 0.51562500
vt 0.73437500 0.50000000
vt 0.71875000 0.50000000
vt 0.71875000 0.51562500
vt 0.79687500 0.68750000
vt 0.79687500 0.70312500
vt 0.78125000 0.70312500
vt 0.78125000 0.68750000
vt 0.84375000 0.50000000
vt 0.84375000 0.51562500
vt 0.85937500 0.51562500
vt 0.85937500 0.50000000
vt 0.78125000 0.73437500
vt 0.78125000 0.75000000
vt 0.76562500 0.75000000
vt 0.76562500 0.73437500
vt 0.78125000 0.71875000
vt 0.78125000 0.73437500
vt 0.76562500 0.73437500
vt 0.76562500 0.71875000
vt 0.78125000 0.70312500
vt 0.78125000 0.71875000
vt 0.76562500 0.71875000
vt 0.76562500 0.70312500
vt 0.71875000 0.51562500
vt 0.71875000 0.50000000
vt 0.70312500 0.50000000
vt 0.70312500 0.51562500
vt 0.78125000 0.68750000
vt 0.78125000 0.70312500
vt 0.76562500 0.70312500
vt 0.76562500 0.68750000
vt 0.85937500 0.50000000
vt 0.85937500 0.51562500
vt 0.87500000 0.51562500
vt 0.87500000 0.50000000
vt 0.76562500 0.73437500
vt 0.76562500 0.75000000
vt 0.75000000 0.75000000
vt 0.75000000 0.73437500
vt 0.64062500 0.51562500
vt 0.64062500 0.50000000
vt 0.62500000 0.50000000
vt 0.62500000 0.51562500
vt 0.76562500 0.71875000
vt 0.76562500 0.73437500
vt 0.75000000 0.73437500
vt 0.75000000 0.71875000
vt 0.65625000 0.51562500
vt 0.65625000 0.50000000
vt 0.64062500 0.50000000
vt 0.64062500 0.51562500
vt 0.76562500 0.70312500
vt 0.76562500 0.71875000
vt 0.75000000 0.71875000
vt 0.75000000 0.70312500
vt 0.67187500 0.51562500
vt 0.67187500 0.50000000
vt 0.65625000 0.50000000
vt 0.65625000 0.51562500
vt 0.70312500 0.51562500
vt 0.70312500 0.50000000
vt 0.68750000 0.50000000
vt 0.68750000 0.51562500
vt 0.76562500 0.68750000
vt 0.76562500 0.70312500
vt 0.75000000 0.70312500
vt 0.75000000 0.68750000
vt 0.68750000 0.51562500
vt 0.68750000 0.50000000
vt 0.67187500 0.50000000
vt 0.67187500 0.51562500
vt 0.48437500 0.00000000
vt 0.50000000 0.00000000
vt 0.50000000 0.01562500
vt 0.48437500 0.01562500
vt 0.25000000 0.00000000
vt 0.26562500 0.00000000
vt 0.26562500 0.01562500
vt 0.25000000 0.01562500
vt 0.37500000 0.25000000
vt 0.39062500 0.25000000
vt 0.39062500 0.23437500
vt 0.37500000 0.23437500
vt 0.26562500 0.00000000
vt 0.28125000 0.00000000
vt 0.28125000 0.01562500
vt 0.26562500 0.01562500
vt 0.37500000 0.23437500
vt 0.39062500 0.23437500
vt 0.39062500 0.21875000
vt 0.37500000 0.21875000
vt 0.28125000 0.00000000
vt 0.29687500 0.00000000
vt 0.29687500 0.01562500
vt 0.28125000 0.01562500
vt 0.37500000 0.21875000
vt 0.39062500 0.21875000
vt 0.39062500 0.20312500
vt 0.37500000 0.20312500
vt 0.31250000 0.00000000
vt 0.32812500 0.00000000
vt 0.32812500 0.01562500
vt 0.31250000 0.01562500
vt 0.29687500 0.00000000
vt 0.31250000 0.00000000
vt 0.31250000 0.01562500
vt 0.29687500 0.01562500
vt 0.37500000 0.20312500
vt 0.39062500 0.20312500
vt 0.39062500 0.18750000
vt 0.37500000 0.18750000
vt 0.48437500 0.01562500
vt 0.50000000 0.01562500
vt 0.50000000 0.03125000
vt 0.48437500 0.03125000
vt 0.25000000 0.01562500
vt 0.26562500 0.01562500
vt 0.26562500 0.03125000
vt 0.25000000 0.03125000
vt 0.26562500 0.01562500
vt 0.28125000 0.01562500
vt 0.28125000 0.03125000
vt 0.26562500 0.03125000
vt 0.28125000 0.01562500
vt 0.29687500 0.01562500
vt 0.29687500 0.03125000
vt 0.28125000 0.03125000
vt 0.31250000 0.01562500
vt 0.32812500 0.01562500
vt 0.32812500 0.03125000
vt 0.31250000 0.03125000
vt 0.29687500 0.01562500
vt 0.31250000 0.01562500
vt 0.31250000 0.03125000
vt 0.29687500 0.03125000
vt 0.48437500 0.03125000
vt 0.50000000 0.03125000
vt 0.50000000 0.04687500
vt 0.48437500 0.04687500
vt 0.25000000 0.03125000
vt 0.26562500 0.03125000
vt 0.26562500 0.04687500
vt 0.25000000 0.04687500
vt 0.26562500 0.03125000
vt 0.28125000 0.03125000
vt 0.28125000 0.04687500
vt 0.26562500 0.04687500
vt 0.28125000 0.03125000
vt 0.29687500 0.03125000
vt 0.29687500 0.04687500
vt 0.28125000 0.04687500
vt 0.31250000 0.03125000
vt 0.32812500 0.03125000
vt 0.32812500 0.04687500
vt 0.31250000 0.04687500
vt 0.29687500 0.03125000
vt 0.31250000 0.03125000
vt 0.31250000 0.04687500
vt 0.29687500 0.04687500
vt 0.48437500 0.04687500
vt 0.50000000 0.04687500
vt 0.50000000 0.06250000
vt 0.48437500 0.06250000
vt 0.25000000 0.04687500
vt 0.26562500 0.04687500
vt 0.26562500 0.06250000
vt 0.25000000 0.06250000
vt 0.26562500 0.04687500
vt 0.28125000 0.04687500
vt 0.28125000 0.06250000
vt 0.26562500 0.06250000
vt 0.28125000 0.04687500
vt 0.29687500 0.04687500
vt 0.29687500 0.06250000
vt 0.28125000 0.06250000
vt 0.31250000 0.04687500
vt 0.32812500 0.04687500
vt 0.32812500 0.06250000
vt 0.31250000 0.06250000
vt 0.29687500 0.04687500
vt 0.31250000 0.04687500
vt 0.31250000 0.06250000
vt 0.29687500 0.06250000
vt 0.48437500 0.06250000
vt 0.50000000 0.06250000
vt 0.50000000 0.07812500
vt 0.48437500 0.07812500
vt 0.25000000 0.06250000
vt 0.26562500 0.06250000
vt 0.26562500 0.07812500
vt 0.25000000 0.07812500
vt 0.26562500 0.06250000
vt 0.28125000 0.06250000
vt 0.28125000 0.07812500
vt 0.26562500 0.07812500
vt 0.28125000 0.06250000
vt 0.29687500 0.06250000
vt 0.29687500 0.07812500
vt 0.28125000 0.07812500
vt 0.31250000 0.06250000
vt 0.32812500 0.06250000
vt 0.32812500 0.07812500
vt 0.31250000 0.07812500
vt 0.29687500 0.06250000
vt 0.31250000 0.06250000
vt 0.31250000 0.07812500
vt 0.29687500 0.07812500
vt 0.48437500 0.07812500
vt 0.50000000 0.07812500
vt 0.50000000 0.09375000
vt 0.48437500 0.09375000
vt 0.25000000 0.07812500
vt 0.26562500 0.07812500
vt 0.26562500 0.09375000
vt 0.25000000 0.09375000
vt 0.26562500 0.07812500
vt 0.28125000 0.07812500
vt 0.28125000 0.09375000
vt 0.26562500 0.09375000
vt 0.28125000 0.07812500
vt 0.29687500 0.07812500
vt 0.29687500 0.09375000
vt 0.28125000 0.09375000
vt 0.31250000 0.07812500
vt 0.32812500 0.07812500
vt 0.32812500 0.09375000
vt 0.31250000 0.09375000
vt 0.29687500 0.07812500
vt 0.31250000 0.07812500
vt 0.31250000 0.09375000
vt 0.29687500 0.09375000
vt 0.48437500 0.09375000
vt 0.50000000 0.09375000
vt 0.50000000 0.10937500
vt 0.48437500 0.10937500
vt 0.25000000 0.09375000
vt 0.26562500 0.09375000
vt 0.26562500 0.10937500
vt 0.25000000 0.10937500
vt 0.26562500 0.09375000
vt 0.28125000 0.09375000
vt 0.28125000 0.10937500
vt 0.26562500 0.10937500
vt 0.28125000 0.09375000
vt 0.29687500 0.09375000
vt 0.29687500 0.10937500
vt 0.28125000 0.10937500
vt 0.31250000 0.09375000
vt 0.32812500 0.09375000
vt 0.32812500 0.10937500
vt 0.31250000 0.10937500
vt 0.29687500 0.09375000
vt 0.31250000 0.09375000
vt 0.31250000 0.10937500
vt 0.29687500 0.10937500
vt 0.48437500 0.10937500
vt 0.50000000 0.10937500
vt 0.50000000 0.12500000
vt 0.48437500 0.12500000
vt 0.25000000 0.10937500
vt 0.26562500 0.10937500
vt 0.26562500 0.12500000
vt 0.25000000 0.12500000
vt 0.26562500 0.10937500
vt 0.28125000 0.10937500
vt 0.28125000 0.12500000
vt 0.26562500 0.12500000
vt 0.28125000 0.10937500
vt 0.29687500 0.10937500
vt 0.29687500 0.12500000
vt 0.28125000 0.12500000
vt 0.31250000 0.10937500
vt 0.32812500 0.10937500
vt 0.32812500 0.12500000
vt 0.31250000 0.12500000
vt 0.29687500 0.10937500
vt 0.31250000 0.10937500
vt 0.31250000 0.12500000
vt 0.29687500 0.12500000
vt 0.48437500 0.12500000
vt 0.50000000 0.12500000
vt 0.50000000 0.14062500
vt 0.48437500 0.14062500
vt 0.25000000 0.12500000
vt 0.26562500 0.12500000
vt 0.26562500 0.14062500
vt 0.25000000 0.14062500
vt 0.26562500 0.12500000
vt 0.28125000 0.12500000
vt 0.28125000 0.14062500
vt 0.26562500 0.14062500
vt 0.28125000 0.12500000
vt 0.29687500 0.12500000
vt 0.29687500 0.14062500
vt 0.28125000 0.14062500
vt 0.31250000 0.12500000
vt 0.32812500 0.12500000
vt 0.32812500 0.14062500
vt 0.31250000 0.14062500
vt 0.29687500 0.12500000
vt 0.31250000 0.12500000
vt 0.31250000 0.14062500
vt 0.29687500 0.14062500
vt 0.48437500 0.14062500
vt 0.50000000 0.14062500
vt 0.50000000 0.15625000
vt 0.48437500 0.15625000
vt 0.25000000 0.14062500
vt 0.26562500 0.14062500
vt 0.26562500 0.15625000
vt 0.25000000 0.15625000
vt 0.26562500 0.14062500
vt 0.28125000 0.14062500
vt 0.28125000 0.15625000
vt 0.26562500 0.15625000
vt 0.28125000 0.14062500
vt 0.29687500 0.14062500
vt 0.29687500 0.15625000
vt 0.28125000 0.15625000
vt 0.31250000 0.14062500
vt 0.32812500 0.14062500
vt 0.32812500 0.15625000
vt 0.31250000 0.15625000
vt 0.29687500 0.14062500
vt 0.31250000 0.14062500
vt 0.31250000 0.15625000
vt 0.29687500 0.15625000
vt 0.48437500 0.15625000
vt 0.50000000 0.15625000
vt 0.50000000 0.17187500
vt 0.48437500 0.17187500
vt 0.25000000 0.15625000
vt 0.26562500 0.15625000
vt 0.26562500 0.17187500
vt 0.25000000 0.17187500
vt 0.26562500 0.15625000
vt 0.28125000 0.15625000
vt 0.28125000 0.17187500
vt 0.26562500 0.17187500
vt 0.28125000 0.15625000
vt 0.29687500 0.15625000
vt 0.29687500 0.17187500
vt 0.28125000 0.17187500
vt 0.31250000 0.15625000
vt 0.32812500 0.15625000
vt 0.32812500 0.17187500
vt 0.31250000 0.17187500
vt 0.29687500 0.15625000
vt 0.31250000 0.15625000
vt 0.31250000 0.17187500
vt 0.29687500 0.17187500
vt 0.48437500 0.17187500
vt 0.50000000 0.17187500
vt 0.50000000 0.18750000
vt 0.48437500 0.18750000
vt 0.25000000 0.17187500
vt 0.26562500 0.17187500
vt 0.26562500 0.18750000
vt 0.25000000 0.18750000
vt 0.26562500 0.17187500
vt 0.28125000 0.17187500
vt 0.28125000 0.18750000
vt 0.26562500 0.18750000
vt 0.28125000 0.17187500
vt 0.29687500 0.17187500
vt 0.29687500 0.18750000
vt 0.28125000 0.18750000
vt 0.31250000 0.17187500
vt 0.32812500 0.17187500
vt 0.32812500 0.18750000
vt 0.31250000 0.18750000
vt 0.29687500 0.17187500
vt 0.31250000 0.17187500
vt 0.31250000 0.18750000
vt 0.29687500 0.18750000
vt 0.46875000 0.00000000
vt 0.48437500 0.00000000
vt 0.48437500 0.01562500
vt 0.46875000 0.01562500
vt 0.39062500 0.25000000
vt 0.40625000 0.25000000
vt 0.40625000 0.23437500
vt 0.39062500 0.23437500
vt 0.39062500 0.23437500
vt 0.40625000 0.23437500
vt 0.40625000 0.21875000
vt 0.39062500 0.21875000
vt 0.39062500 0.21875000
vt 0.40625000 0.21875000
vt 0.40625000 0.20312500
vt 0.39062500 0.20312500
vt 0.32812500 0.00000000
vt 0.34375000 0.00000000
vt 0.34375000 0.01562500
vt 0.32812500 0.01562500
vt 0.39062500 0.20312500
vt 0.40625000 0.20312500
vt 0.40625000 0.18750000
vt 0.39062500 0.18750000
vt 0.46875000 0.01562500
vt 0.48437500 0.01562500
vt 0.48437500 0.03125000
vt 0.46875000 0.03125000
vt 0.32812500 0.01562500
vt 0.34375000 0.01562500
vt 0.34375000 0.03125000
vt 0.32812500 0.03125000
vt 0.46875000 0.03125000
vt 0.48437500 0.03125000
vt 0.48437500 0.04687500
vt 0.46875000 0.04687500
vt 0.32812500 0.03125000
vt 0.34375000 0.03125000
vt 0.34375000 0.04687500
vt 0.32812500 0.04687500
vt 0.46875000 0.04687500
vt 0.48437500 0.04687500
vt 0.48437500 0.06250000
vt 0.46875000 0.06250000
vt 0.32812500 0.04687500
vt 0.34375000 0.04687500
vt 0.34375000 0.06250000
vt 0.32812500 0.06250000
vt 0.46875000 0.06250000
vt 0.48437500 0.06250000
vt 0.48437500 0.07812500
vt 0.46875000 0.07812500
vt 0.32812500 0.06250000
vt 0.34375000 0.06250000
vt 0.34375000 0.07812500
vt 0.32812500 0.07812500
vt 0.46875000 0.07812500
vt 0.48437500 0.07812500
vt 0.48437500 0.09375000
vt 0.46875000 0.09375000
vt 0.32812500 0.07812500
vt 0.34375000 0.07812500
vt 0.34375000 0.09375000
vt 0.32812500 0.09375000
vt 0.46875000 0.09375000
vt 0.48437500 0.09375000
vt 0.48437500 0.10937500
vt 0.46875000 0.10937500
vt 0.32812500 0.09375000
vt 0.34375000 0.09375000
vt 0.34375000 0.10937500
vt 0.32812500 0.10937500
vt 0.46875000 0.10937500
vt 0.48437500 0.10937500
vt 0.48437500 0.12500000
vt 0.46875000 0.12500000
vt 0.32812500 0.10937500
vt 0.34375000 0.10937500
vt 0.34375000 0.12500000
vt 0.32812500 0.12500000
vt 0.46875000 0.12500000
vt 0.48437500 0.12500000
vt 0.48437500 0.14062500
vt 0.46875000 0.14062500
vt 0.32812500 0.12500000
vt 0.34375000 0.12500000
vt 0.34375000 0.14062500
vt 0.32812500 0.14062500
vt 0.46875000 0.14062500
vt 0.48437500 0.14062500
vt 0.48437500 0.15625000
vt 0.46875000 0.15625000
vt 0.32812500 0.14062500
vt 0.34375000 0.14062500
vt 0.34375000 0.15625000
vt 0.32812500 0.15625000
vt 0.46875000 0.15625000
vt 0.48437500 0.15625000
vt 0.48437500 0.17187500
vt 0.46875000 0.17187500
vt 0.32812500 0.15625000
vt 0.34375000 0.15625000
vt 0.34375000 0.17187500
vt 0.32812500 0.17187500
vt 0.46875000 0.17187500
vt 0.48437500 0.17187500
vt 0.48437500 0.18750000
vt 0.46875000 0.18750000
vt 0.32812500 0.17187500
vt 0.34375000 0.17187500
vt 0.34375000 0.18750000
vt 0.32812500 0.18750000
vt 0.45312500 0.00000000
vt 0.46875000 0.00000000
vt 0.46875000 0.01562500
vt 0.45312500 0.01562500
vt 0.40625000 0.25000000
vt 0.42187500 0.25000000
vt 0.42187500 0.23437500
vt 0.40625000 0.23437500
vt 0.40625000 0.23437500
vt 0.42187500 0.23437500
vt 0.42187500 0.21875000
vt 0.40625000 0.21875000
vt 0.40625000 0.21875000
vt 0.42187500 0.21875000
vt 0.42187500 0.20312500
vt 0.40625000 0.20312500
vt 0.34375000 0.00000000
vt 0.35937500 0.00000000
vt 0.35937500 0.01562500
vt 0.34375000 0.01562500
vt 0.40625000 0.20312500
vt 0.42187500 0.20312500
vt 0.42187500 0.18750000
vt 0.40625000 0.18750000
vt 0.45312500 0.01562500
vt 0.46875000 0.01562500
vt 0.46875000 0.03125000
vt 0.45312500 0.03125000
vt 0.34375000 0.01562500
vt 0.35937500 0.01562500
vt 0.35937500 0.03125000
vt 0.34375000 0.03125000
vt 0.45312500 0.03125000
vt 0.46875000 0.03125000
vt 0.46875000 0.04687500
vt 0.45312500 0.04687500
vt 0.34375000 0.03125000
vt 0.35937500 0.03125000
vt 0.35937500 0.04687500
vt 0.34375000 0.04687500
vt 0.45312500 0.04687500
vt 0.46875000 0.04687500
vt 0.46875000 0.06250000
vt 0.45312500 0.06250000
vt 0.34375000 0.04687500
vt 0.35937500 0.04687500
vt 0.35937500 0.06250000
vt 0.34375000 0.06250000
vt 0.45312500 0.06250000
vt 0.46875000 0.06250000
vt 0.46875000 0.07812500
vt 0.45312500 0.07812500
vt 0.34375000 0.06250000
vt 0.35937500 0.06250000
vt 0.35937500 0.07812500
vt 0.34375000 0.07812500
vt 0.45312500 0.07812500
vt 0.46875000 0.07812500
vt 0.46875000 0.09375000
vt 0.45312500 0.09375000
vt 0.34375000 0.07812500
vt 0.35937500 0.07812500
vt 0.35937500 0.09375000
vt 0.34375000 0.09375000
vt 0.45312500 0.09375000
vt 0.46875000 0.09375000
vt 0.46875000 0.10937500
vt 0.45312500 0.10937500
vt 0.34375000 0.09375000
vt 0.35937500 0.09375000
vt 0.35937500 0.10937500
vt 0.34375000 0.10937500
vt 0.45312500 0.10937500
vt 0.46875000 0.10937500
vt 0.46875000 0.12500000
vt 0.45312500 0.12500000
vt 0.34375000 0.10937500
vt 0.35937500 0.10937500
vt 0.35937500 0.12500000
vt 0.34375000 0.12500000
vt 0.45312500 0.12500000
vt 0.46875000 0.12500000
vt 0.46875000 0.14062500
vt 0.45312500 0.14062500
vt 0.34375000 0.12500000
vt 0.35937500 0.12500000
vt 0.35937500 0.14062500
vt 0.34375000 0.14062500
vt 0.45312500 0.14062500
vt 0.46875000 0.14062500
vt 0.46875000 0.15625000
vt 0.45312500 0.15625000
vt 0.34375000 0.14062500
vt 0.35937500 0.14062500
vt 0.35937500 0.15625000
vt 0.34375000 0.15625000
vt 0.45312500 0.15625000
vt 0.46875000 0.15625000
vt 0.46875000 0.17187500
vt 0.45312500 0.17187500
vt 0.34375000 0.15625000
vt 0.35937500 0.15625000
vt 0.35937500 0.17187500
vt 0.34375000 0.17187500
vt 0.45312500 0.17187500
vt 0.46875000 0.17187500
vt 0.46875000 0.18750000
vt 0.45312500 0.18750000
vt 0.34375000 0.17187500
vt 0.35937500 0.17187500
vt 0.35937500 0.18750000
vt 0.34375000 0.18750000
vt 0.43750000 0.00000000
vt 0.45312500 0.00000000
vt 0.45312500 0.01562500
vt 0.43750000 0.01562500
vt 0.42187500 0.25000000
vt 0.43750000 0.25000000
vt 0.43750000 0.23437500
vt 0.42187500 0.23437500
vt 0.42187500 0.23437500
vt 0.43750000 0.23437500
vt 0.43750000 0.21875000
vt 0.42187500 0.21875000
vt 0.42187500 0.21875000
vt 0.43750000 0.21875000
vt 0.43750000 0.20312500
vt 0.42187500 0.20312500
vt 0.35937500 0.00000000
vt 0.37500000 0.00000000
vt 0.37500000 0.01562500
vt 0.35937500 0.01562500
vt 0.42187500 0.20312500
vt 0.43750000 0.20312500
vt 0.43750000 0.18750000
vt 0.42187500 0.18750000
vt 0.43750000 0.01562500
vt 0.45312500 0.01562500
vt 0.45312500 0.03125000
vt 0.43750000 0.03125000
vt 0.35937500 0.01562500
vt 0.37500000 0.01562500
vt 0.37500000 0.03125000
vt 0.35937500 0.03125000
vt 0.43750000 0.03125000
vt 0.45312500 0.03125000
vt 0.45312500 0.04687500
vt 0.43750000 0.04687500
vt 0.35937500 0.03125000
vt 0.37500000 0.03125000
vt 0.37500000 0.04687500
vt 0.35937500 0.04687500
vt 0.43750000 0.04687500
vt 0.45312500 0.04687500
vt 0.45312500 0.06250000
vt 0.43750000 0.06250000
vt 0.35937500 0.04687500
vt 0.37500000 0.04687500
vt 0.37500000 0.06250000
vt 0.35937500 0.06250000
vt 0.43750000 0.06250000
vt 0.45312500 0.06250000
vt 0.45312500 0.07812500
vt 0.43750000 0.07812500
vt 0.35937500 0.06250000
vt 0.37500000 0.06250000
vt 0.37500000 0.07812500
vt 0.35937500 0.07812500
vt 0.43750000 0.07812500
vt 0.45312500 0.07812500
vt 0.45312500 0.09375000
vt 0.43750000 0.09375000
vt 0.35937500 0.07812500
vt 0.37500000 0.07812500
vt 0.37500000 0.09375000
vt 0.35937500 0.09375000
vt 0.43750000 0.09375000
vt 0.45312500 0.09375000
vt 0.45312500 0.10937500
vt 0.43750000 0.10937500
vt 0.35937500 0.09375000
vt 0.37500000 0.09375000
vt 0.37500000 0.10937500
vt 0.35937500 0.10937500
vt 0.43750000 0.10937500
vt 0.45312500 0.10937500
vt 0.45312500 0.12500000
vt 0.43750000 0.12500000
vt 0.35937500 0.10937500
vt 0.37500000 0.10937500
vt 0.37500000 0.12500000
vt 0.35937500 0.12500000
vt 0.43750000 0.12500000
vt 0.45312500 0.12500000
vt 0.45312500 0.14062500
vt 0.43750000 0.14062500
vt 0.35937500 0.12500000
vt 0.37500000 0.12500000
vt 0.37500000 0.14062500
vt 0.35937500 0.14062500
vt 0.43750000 0.14062500
vt 0.45312500 0.14062500
vt 0.45312500 0.15625000
vt 0.43750000 0.15625000
vt 0.35937500 0.14062500
vt 0.37500000 0.14062500
vt 0.37500000 0.15625000
vt 0.35937500 0.15625000
vt 0.43750000 0.15625000
vt 0.45312500 0.15625000
vt 0.45312500 0.17187500
vt 0.43750000 0.17187500
vt 0.35937500 0.15625000
vt 0.37500000 0.15625000
vt 0.37500000 0.17187500
vt 0.35937500 0.17187500
vt 0.43750000 0.17187500
vt 0.45312500 0.17187500
vt 0.45312500 0.18750000
vt 0.43750000 0.18750000
vt 0.35937500 0.17187500
vt 0.37500000 0.17187500
vt 0.37500000 0.18750000
vt 0.35937500 0.18750000
vt 0.23437500 0.50000000
vt 0.25000000 0.50000000
vt 0.25000000 0.51562500
vt 0.23437500 0.51562500
vt 0.12500000 0.75000000
vt 0.14062500 0.75000000
vt 0.14062500 0.73437500
vt 0.12500000 0.73437500
vt 0.12500000 0.73437500
vt 0.14062500 0.73437500
vt 0.14062500 0.71875000
vt 0.12500000 0.71875000
vt 0.12500000 0.71875000
vt 0.14062500 0.71875000
vt 0.14062500 0.70312500
vt 0.12500000 0.70312500
vt 0.06250000 0.50000000
vt 0.07812500 0.50000000
vt 0.07812500 0.51562500
vt 0.06250000 0.51562500
vt 0.12500000 0.70312500
vt 0.14062500 0.70312500
vt 0.14062500 0.68750000
vt 0.12500000 0.68750000
vt 0.23437500 0.51562500
vt 0.25000000 0.51562500
vt 0.25000000 0.53125000
vt 0.23437500 0.53125000
vt 0.06250000 0.51562500
vt 0.07812500 0.51562500
vt 0.07812500 0.53125000
vt 0.06250000 0.53125000
vt 0.23437500 0.53125000
vt 0.25000000 0.53125000
vt 0.25000000 0.54687500
vt 0.23437500 0.54687500
vt 0.06250000 0.53125000
vt 0.07812500 0.53125000
vt 0.07812500 0.54687500
vt 0.06250000 0.54687500
vt 0.23437500 0.54687500
vt 0.25000000 0.54687500
vt 0.25000000 0.56250000
vt 0.23437500 0.56250000
vt 0.06250000 0.54687500
vt 0.07812500 0.54687500
vt 0.07812500 0.56250000
vt 0.06250000 0.56250000
vt 0.23437500 0.56250000
vt 0.25000000 0.56250000
vt 0.25000000 0.57812500
vt 0.23437500 0.57812500
vt 0.06250000 0.56250000
vt 0.07812500 0.56250000
vt 0.07812500 0.57812500
vt 0.06250000 0.57812500
vt 0.23437500 0.57812500
vt 0.25000000 0.57812500
vt 0.25000000 0.59375000
vt 0.23437500 0.59375000
vt 0.06250000 0.57812500
vt 0.07812500 0.57812500
vt 0.07812500 0.59375000
vt 0.06250000 0.59375000
vt 0.23437500 0.59375000
vt 0.25000000 0.59375000
vt 0.25000000 0.60937500
vt 0.23437500 0.60937500
vt 0.06250000 0.59375000
vt 0.07812500 0.59375000
vt 0.07812500 0.60937500
vt 0.06250000 0.60937500
vt 0.23437500 0.60937500
vt 0.25000000 0.60937500
vt 0.25000000 0.62500000
vt 0.23437500 0.62500000
vt 0.06250000 0.60937500
vt 0.07812500 0.60937500
vt 0.07812500 0.62500000
vt 0.06250000 0.62500000
vt 0.23437500 0.62500000
vt 0.25000000 0.62500000
vt 0.25000000 0.64062500
vt 0.23437500 0.64062500
vt 0.06250000 0.62500000
vt 0.07812500 0.62500000
vt 0.07812500 0.64062500
vt 0.06250000 0.64062500
vt 0.23437500 0.64062500
vt 0.25000000 0.64062500
vt 0.25000000 0.65625000
vt 0.23437500 0.65625000
vt 0.06250000 0.64062500
vt 0.07812500 0.64062500
vt 0.07812500 0.65625000
vt 0.06250000 0.65625000
vt 0.23437500 0.65625000
vt 0.25000000 0.65625000
vt 0.25000000 0.67187500
vt 0.23437500 0.67187500
vt 0.06250000 0.65625000
vt 0.07812500 0.65625000
vt 0.07812500 0.67187500
vt 0.06250000 0.67187500
vt 0.23437500 0.67187500
vt 0.25000000 0.67187500
vt 0.25000000 0.68750000
vt 0.23437500 0.68750000
vt 0.06250000 0.67187500
vt 0.07812500 0.67187500
vt 0.07812500 0.68750000
vt 0.06250000 0.68750000
vt 0.21875000 0.50000000
vt 0.23437500 0.50000000
vt 0.23437500 0.51562500
vt 0.21875000 0.51562500
vt 0.14062500 0.75000000
vt 0.15625000 0.75000000
vt 0.15625000 0.73437500
vt 0.14062500 0.73437500
vt 0.14062500 0.73437500
vt 0.15625000 0.73437500
vt 0.15625000 0.71875000
vt 0.14062500 0.71875000
vt 0.14062500 0.71875000
vt 0.15625000 0.71875000
vt 0.15625000 0.70312500
vt 0.14062500 0.70312500
vt 0.07812500 0.50000000
vt 0.09375000 0.50000000
vt 0.09375000 0.51562500
vt 0.07812500 0.51562500
vt 0.14062500 0.70312500
vt 0.15625000 0.70312500
vt 0.15625000 0.68750000
vt 0.14062500 0.68750000
vt 0.21875000 0.51562500
vt 0.23437500 0.51562500
vt 0.23437500 0.53125000
vt 0.21875000 0.53125000
vt 0.07812500 0.51562500
vt 0.09375000 0.51562500
vt 0.09375000 0.53125000
vt 0.07812500 0.53125000
vt 0.21875000 0.53125000
vt 0.23437500 0.53125000
vt 0.23437500 0.54687500
vt 0.21875000 0.54687500
vt 0.07812500 0.53125000
vt 0.09375000 0.53125000
vt 0.09375000 0.54687500
vt 0.07812500 0.54687500
vt 0.21875000 0.54687500
vt 0.23437500 0.54687500
vt 0.23437500 0.56250000
vt 0.21875000 0.56250000
vt 0.07812500 0.54687500
vt 0.09375000 0.54687500
vt 0.09375000 0.56250000
vt 0.07812500 0.56250000
vt 0.21875000 0.56250000
vt 0.23437500 0.56250000
vt 0.23437500 0.57812500
vt 0.21875000 0.57812500
vt 0.07812500 0.56250000
vt 0.09375000 0.56250000
vt 0.09375000 0.57812500
vt 0.07812500 0.57812500
vt 0.21875000 0.57812500
vt 0.23437500 0.57812500
vt 0.23437500 0.59375000
vt 0.21875000 0.59375000
vt 0.07812500 0.57812500
vt 0.09375000 0.57812500
vt 0.09375000 0.59375000
vt 0.07812500 0.59375000
vt 0.21875000 0.59375000
vt 0.23437500 0.59375000
vt 0.23437500 0.60937500
vt 0.21875000 0.60937500
vt 0.07812500 0.59375000
vt 0.09375000 0.59375000
vt 0.09375000 0.60937500
vt 0.07812500 0.60937500
vt 0.21875000 0.60937500
vt 0.23437500 0.60937500
vt 0.23437500 0.62500000
vt 0.21875000 0.62500000
vt 0.07812500 0.60937500
vt 0.09375000 0.60937500
vt 0.09375000 0.62500000
vt 0.07812500 0.62500000
vt 0.21875000 0.62500000
vt 0.23437500 0.62500000
vt 0.23437500 0.64062500
vt 0.21875000 0.64062500
vt 0.07812500 0.62500000
vt 0.09375000 0.62500000
vt 0.09375000 0.64062500
vt 0.07812500 0.64062500
vt 0.21875000 0.64062500
vt 0.23437500 0.64062500
vt 0.23437500 0.65625000
vt 0.21875000 0.65625000
vt 0.07812500 0.64062500
vt 0.09375000 0.64062500
vt 0.09375000 0.65625000
vt 0.07812500 0.65625000
vt 0.21875000 0.65625000
vt 0.23437500 0.65625000
vt 0.23437500 0.67187500
vt 0.21875000 0.67187500
vt 0.07812500 0.65625000
vt 0.09375000 0.65625000
vt 0.09375000 0.67187500
vt 0.07812500 0.67187500
vt 0.21875000 0.67187500
vt 0.23437500 0.67187500
vt 0.23437500 0.68750000
vt 0.21875000 0.68750000
vt 0.07812500 0.67187500
vt 0.09375000 0.67187500
vt 0.09375000 0.68750000
vt 0.07812500 0.68750000
vt 0.20312500 0.50000000
vt 0.21875000 0.50000000
vt 0.21875000 0.51562500
vt 0.20312500 0.51562500
vt 0.15625000 0.75000000
vt 0.17187500 0.75000000
vt 0.17187500 0.73437500
vt 0.15625000 0.73437500
vt 0.15625000 0.73437500
vt 0.17187500 0.73437500
vt 0.17187500 0.71875000
vt 0.15625000 0.71875000
vt 0.15625000 0.71875000
vt 0.17187500 0.71875000
vt 0.17187500 0.70312500
vt 0.15625000 0.70312500
vt 0.09375000 0.50000000
vt 0.10937500 0.50000000
vt 0.10937500 0.51562500
vt 0.09375000 0.51562500
vt 0.15625000 0.70312500
vt 0.17187500 0.70312500
vt 0.17187500 0.68750000
vt 0.15625000 0.68750000
vt 0.20312500 0.51562500
vt 0.21875000 0.51562500
vt 0.21875000 0.53125000
vt 0.20312500 0.53125000
vt 0.09375000 0.51562500
vt 0.10937500 0.51562500
vt 0.10937500 0.53125000
vt 0.09375000 0.53125000
vt 0.20312500 0.53125000
vt 0.21875000 0.53125000
vt 0.21875000 0.54687500
vt 0.20312500 0.54687500
vt 0.09375000 0.53125000
vt 0.10937500 0.53125000
vt 0.10937500 0.54687500
vt 0.09375000 0.54687500
vt 0.20312500 0.54687500
vt 0.21875000 0.54687500
vt 0.21875000 0.56250000
vt 0.20312500 0.56250000
vt 0.09375000 0.54687500
vt 0.10937500 0.54687500
vt 0.10937500 0.56250000
vt 0.09375000 0.56250000
vt 0.20312500 0.56250000
vt 0.21875000 0.56250000
vt 0.21875000 0.57812500
vt 0.20312500 0.57812500
vt 0.09375000 0.56250000
vt 0.10937500 0.56250000
vt 0.10937500 0.57812500
vt 0.09375000 0.57812500
vt 0.20312500 0.57812500
vt 0.21875000 0.57812500
vt 0.21875000 0.59375000
vt 0.20312500 0.59375000
vt 0.09375000 0.57812500
vt 0.10937500 0.57812500
vt 0.10937500 0.59375000
vt 0.09375000 0.59375000
vt 0.20312500 0.59375000
vt 0.21875000 0.59375000
vt 0.21875000 0.60937500
vt 0.20312500 0.60937500
vt 0.09375000 0.59375000
vt 0.10937500 0.59375000
vt 0.10937500 0.60937500
vt 0.09375000 0.60937500
vt 0.20312500 0.60937500
vt 0.21875000 0.60937500
vt 0.21875000 0.62500000
vt 0.20312500 0.62500000
vt 0.09375000 0.60937500
vt 0.10937500 0.60937500
vt 0.10937500 0.62500000
vt 0.09375000 0.62500000
vt 0.20312500 0.62500000
vt 0.21875000 0.62500000
vt 0.21875000 0.64062500
vt 0.20312500 0.64062500
vt 0.09375000 0.62500000
vt 0.10937500 0.62500000
vt 0.10937500 0.64062500
vt 0.09375000 0.64062500
vt 0.20312500 0.64062500
vt 0.21875000 0.64062500
vt 0.21875000 0.65625000
vt 0.20312500 0.65625000
vt 0.09375000 0.64062500
vt 0.10937500 0.64062500
vt 0.10937500 0.65625000
vt 0.09375000 0.65625000
vt 0.20312500 0.65625000
vt 0.21875000 0.65625000
vt 0.21875000 0.67187500
vt 0.20312500 0.67187500
vt 0.09375000 0.65625000
vt 0.10937500 0.65625000
vt 0.10937500 0.67187500
vt 0.09375000 0.67187500
vt 0.20312500 0.67187500
vt 0.21875000 0.67187500
vt 0.21875000 0.68750000
vt 0.20312500 0.68750000
vt 0.09375000 0.67187500
vt 0.10937500 0.67187500
vt 0.10937500 0.68750000
vt 0.09375000 0.68750000
vt 0.18750000 0.50000000
vt 0.20312500 0.50000000
vt 0.20312500 0.51562500
vt 0.18750000 0.51562500
vt 0.17187500 0.50000000
vt 0.18750000 0.50000000
vt 0.18750000 0.51562500
vt 0.17187500 0.51562500
vt 0.17187500 0.75000000
vt 0.18750000 0.75000000
vt 0.18750000 0.73437500
vt 0.17187500 0.73437500
vt 0.15625000 0.50000000
vt 0.17187500 0.50000000
vt 0.17187500 0.51562500
vt 0.15625000 0.51562500
vt 0.17187500 0.73437500
vt 0.18750000 0.73437500
vt 0.18750000 0.71875000
vt 0.17187500 0.71875000
vt 0.14062500 0.50000000
vt 0.15625000 0.50000000
vt 0.15625000 0.51562500
vt 0.14062500 0.51562500
vt 0.17187500 0.71875000
vt 0.18750000 0.71875000
vt 0.18750000 0.70312500
vt 0.17187500 0.70312500
vt 0.10937500 0.50000000
vt 0.12500000 0.50000000
vt 0.12500000 0.51562500
vt 0.10937500 0.51562500
vt 0.12500000 0.50000000
vt 0.14062500 0.50000000
vt 0.14062500 0.51562500
vt 0.12500000 0.51562500
vt 0.17187500 0.70312500
vt 0.18750000 0.70312500
vt 0.18750000 0.68750000
vt 0.17187500 0.68750000
vt 0.18750000 0.51562500
vt 0.20312500 0.51562500
vt 0.20312500 0.53125000
vt 0.18750000 0.53125000
vt 0.17187500 0.51562500
vt 0.18750000 0.51562500
vt 0.18750000 0.53125000
vt 0.17187500 0.53125000
vt 0.15625000 0.51562500
vt 0.17187500 0.51562500
vt 0.17187500 0.53125000
vt 0.15625000 0.53125000
vt 0.14062500 0.51562500
vt 0.15625000 0.51562500
vt 0.15625000 0.53125000
vt 0.14062500 0.53125000
vt 0.10937500 0.51562500
vt 0.12500000 0.51562500
vt 0.12500000 0.53125000
vt 0.10937500 0.53125000
vt 0.12500000 0.51562500
vt 0.14062500 0.51562500
vt 0.14062500 0.53125000
vt 0.12500000 0.53125000
vt 0.18750000 0.53125000
vt 0.20312500 0.53125000
vt 0.20312500 0.54687500
vt 0.18750000 0.54687500
vt 0.17187500 0.53125000
vt 0.18750000 0.53125000
vt 0.18750000 0.54687500
vt 0.17187500 0.54687500
vt 0.15625000 0.53125000
vt 0.17187500 0.53125000
vt 0.17187500 0.54687500
vt 0.15625000 0.54687500
vt 0.14062500 0.53125000
vt 0.15625000 0.53125000
vt 0.15625000 0.54687500
vt 0.14062500 0.54687500
vt 0.10937500 0.53125000
vt 0.12500000 0.53125000
vt 0.12500000 0.54687500
vt 0.10937500 0.54687500
vt 0.12500000 0.53125000
vt 0.14062500 0.53125000
vt 0.14062500 0.54687500
vt 0.12500000 0.54687500
vt 0.18750000 0.54687500
vt 0.20312500 0.54687500
vt 0.20312500 0.56250000
vt 0.18750000 0.56250000
vt 0.17187500 0.54687500
vt 0.18750000 0.54687500
vt 0.18750000 0.56250000
vt 0.17187500 0.56250000
vt 0.15625000 0.54687500
vt 0.17187500 0.54687500
vt 0.17187500 0.56250000
vt 0.15625000 0.56250000
vt 0.14062500 0.54687500
vt 0.15625000 0.54687500
vt 0.15625000 0.56250000
vt 0.14062500 0.56250000
vt 0.10937500 0.54687500
vt 0.12500000 0.54687500
vt 0.12500000 0.56250000
vt 0.10937500 0.56250000
vt 0.12500000 0.54687500
vt 0.14062500 0.54687500
vt 0.14062500 0.56250000
vt 0.12500000 0.56250000
vt 0.18750000 0.56250000
vt 0.20312500 0.56250000
vt 0.20312500 0.57812500
vt 0.18750000 0.57812500
vt 0.17187500 0.56250000
vt 0.18750000 0.56250000
vt 0.18750000 0.57812500
vt 0.17187500 0.57812500
vt 0.15625000 0.56250000
vt 0.17187500 0.56250000
vt 0.17187500 0.57812500
vt 0.15625000 0.57812500
vt 0.14062500 0.56250000
vt 0.15625000 0.56250000
vt 0.15625000 0.57812500
vt 0.14062500 0.57812500
vt 0.10937500 0.56250000
vt 0.12500000 0.56250000
vt 0.12500000 0.57812500
vt 0.10937500 0.57812500
vt 0.12500000 0.56250000
vt 0.14062500 0.56250000
vt 0.14062500 0.57812500
vt 0.12500000 0.57812500
vt 0.18750000 0.57812500
vt 0.20312500 0.57812500
vt 0.20312500 0.59375000
vt 0.18750000 0.59375000
vt 0.17187500 0.57812500
vt 0.18750000 0.57812500
vt 0.18750000 0.59375000
vt 0.17187500 0.59375000
vt 0.15625000 0.57812500
vt 0.17187500 0.57812500
vt 0.17187500 0.59375000
vt 0.15625000 0.59375000
vt 0.14062500 0.57812500
vt 0.15625000 0.57812500
vt 0.15625000 0.59375000
vt 0.14062500 0.59375000
vt 0.10937500 0.57812500
vt 0.12500000 0.57812500
vt 0.12500000 0.59375000
vt 0.10937500 0.59375000
vt 0.12500000 0.57812500
vt 0.14062500 0.57812500
vt 0.14062500 0.59375000
vt 0.12500000 0.59375000
vt 0.18750000 0.59375000
vt 0.20312500 0.59375000
vt 0.20312500 0.60937500
vt 0.18750000 0.60937500
vt 0.17187500 0.59375000
vt 0.18750000 0.59375000
vt 0.18750000 0.60937500
vt 0.17187500 0.60937500
vt 0.15625000 0.59375000
vt 0.17187500 0.59375000
vt 0.17187500 0.60937500
vt 0.15625000 0.60937500
vt 0.14062500 0.59375000
vt 0.15625000 0.59375000
vt 0.15625000 0.60937500
vt 0.14062500 0.60937500
vt 0.10937500 0.59375000
vt 0.12500000 0.59375000
vt 0.12500000 0.60937500
vt 0.10937500 0.60937500
vt 0.12500000 0.59375000
vt 0.14062500 0.59375000
vt 0.14062500 0.60937500
vt 0.12500000 0.60937500
vt 0.18750000 0.60937500
vt 0.20312500 0.60937500
vt 0.20312500 0.62500000
vt 0.18750000 0.62500000
vt 0.17187500 0.60937500
vt 0.18750000 0.60937500
vt 0.18750000 0.62500000
vt 0.17187500 0.62500000
vt 0.15625000 0.60937500
vt 0.17187500 0.60937500
vt 0.17187500 0.62500000
vt 0.15625000 0.62500000
vt 0.14062500 0.60937500
vt 0.15625000 0.60937500
vt 0.15625000 0.62500000
vt 0.14062500 0.62500000
vt 0.10937500 0.60937500
vt 0.12500000 0.60937500
vt 0.12500000 0.62500000
vt 0.10937500 0.62500000
vt 0.12500000 0.60937500
vt 0.14062500 0.60937500
vt 0.14062500 0.62500000
vt 0.12500000 0.62500000
vt 0.18750000 0.62500000
vt 0.20312500 0.62500000
vt 0.20312500 0.64062500
vt 0.18750000 0.64062500
vt 0.17187500 0.62500000
vt 0.18750000 0.62500000
vt 0.18750000 0.64062500
vt 0.17187500 0.64062500
vt 0.15625000 0.62500000
vt 0.17187500 0.62500000
vt 0.17187500 0.64062500
vt 0.15625000 0.64062500
vt 0.14062500 0.62500000
vt 0.15625000 0.62500000
vt 0.15625000 0.64062500
vt 0.14062500 0.64062500
vt 0.10937500 0.62500000
vt 0.12500000 0.62500000
vt 0.12500000 0.64062500
vt 0.10937500 0.64062500
vt 0.12500000 0.62500000
vt 0.14062500 0.62500000
vt 0.14062500 0.64062500
vt 0.12500000 0.64062500
vt 0.18750000 0.64062500
vt 0.20312500 0.64062500
vt 0.20312500 0.65625000
vt 0.18750000 0.65625000
vt 0.17187500 0.64062500
vt 0.18750000 0.64062500
vt 0.18750000 0.65625000
vt 0.17187500 0.65625000
vt 0.15625000 0.64062500
vt 0.17187500 0.64062500
vt 0.17187500 0.65625000
vt 0.15625000 0.65625000
vt 0.14062500 0.64062500
vt 0.15625000 0.64062500
vt 0.15625000 0.65625000
vt 0.14062500 0.65625000
vt 0.10937500 0.64062500
vt 0.12500000 0.64062500
vt 0.12500000 0.65625000
vt 0.10937500 0.65625000
vt 0.12500000 0.64062500
vt 0.14062500 0.64062500
vt 0.14062500 0.65625000
vt 0.12500000 0.65625000
vt 0.18750000 0.65625000
vt 0.20312500 0.65625000
vt 0.20312500 0.67187500
vt 0.18750000 0.67187500
vt 0.17187500 0.65625000
vt 0.18750000 0.65625000
vt 0.18750000 0.67187500
vt 0.17187500 0.67187500
vt 0.15625000 0.65625000
vt 0.17187500 0.65625000
vt 0.17187500 0.67187500
vt 0.15625000 0.67187500
vt 0.14062500 0.65625000
vt 0.15625000 0.65625000
vt 0.15625000 0.67187500
vt 0.14062500 0.67187500
vt 0.10937500 0.65625000
vt 0.12500000 0.65625000
vt 0.12500000 0.67187500
vt 0.10937500 0.67187500
vt 0.12500000 0.65625000
vt 0.14062500 0.65625000
vt 0.14062500 0.67187500
vt 0.12500000 0.67187500
vt 0.18750000 0.67187500
vt 0.20312500 0.67187500
vt 0.20312500 0.68750000
vt 0.18750000 0.68750000
vt 0.17187500 0.67187500
vt 0.18750000 0.67187500
vt 0.18750000 0.68750000
vt 0.17187500 0.68750000
vt 0.15625000 0.67187500
vt 0.17187500 0.67187500
vt 0.17187500 0.68750000
vt 0.15625000 0.68750000
vt 0.14062500 0.67187500
vt 0.15625000 0.67187500
vt 0.15625000 0.68750000
vt 0.14062500 0.68750000
vt 0.10937500 0.67187500
vt 0.12500000 0.67187500
vt 0.12500000 0.68750000
vt 0.10937500 0.68750000
vt 0.12500000 0.67187500
vt 0.14062500 0.67187500
vt 0.14062500 0.68750000
vt 0.12500000 0.68750000
usemtl GojoSkin
f 1/1 2/2 3/3 4/4
f 2/5 5/6 6/7 3/8
f 2/9 1/10 7/11 5/12
f 5/13 8/14 9/15 6/16
f 5/17 7/18 10/19 8/20
f 8/21 11/22 12/23 9/24
f 11/25 13/26 14/27 12/28
f 13/29 15/30 16/31 14/32
f 15/33 17/34 18/35 16/36
f 17/37 19/38 20/39 18/40
f 17/41 21/42 22/43 19/44
f 23/45 24/46 25/47 26/48
f 19/49 23/50 26/51 20/52
f 19/53 22/54 24/55 23/56
f 4/57 3/58 27/59 28/60
f 3/61 6/62 29/63 27/64
f 6/65 9/66 30/67 29/68
f 9/69 12/70 31/71 30/72
f 12/73 14/74 32/75 31/76
f 14/77 16/78 33/79 32/80
f 16/81 18/82 34/83 33/84
f 18/85 20/86 35/87 34/88
f 26/89 25/90 36/91 37/92
f 20/93 26/94 37/95 35/96
f 28/97 27/98 38/99 39/100
f 27/101 29/102 40/103 38/104
f 29/105 30/106 41/107 40/108
f 30/109 31/110 42/111 41/112
f 31/113 32/114 43/115 42/116
f 32/117 33/118 44/119 43/120
f 33/121 34/122 45/123 44/124
f 34/125 35/126 46/127 45/128
f 37/129 36/130 47/131 48/132
f 35/133 37/134 48/135 46/136
f 39/137 38/138 49/139 50/140
f 38/141 40/142 51/143 49/144
f 40/145 41/146 52/147 51/148
f 41/149 42/150 53/151 52/152
f 42/153 43/154 54/155 53/156
f 43/157 44/158 55/159 54/160
f 44/161 45/162 56/163 55/164
f 45/165 46/166 57/167 56/168
f 48/169 47/170 58/171 59/172
f 46/173 48/174 59/175 57/176
f 50/177 49/178 60/179 61/180
f 49/181 51/182 62/183 60/184
f 51/185 52/186 63/187 62/188
f 52/189 53/190 64/191 63/192
f 53/193 54/194 65/195 64/196
f 54/197 55/198 66/199 65/200
f 55/201 56/202 67/203 66/204
f 56/205 57/206 68/207 67/208
f 59/209 58/210 69/211 70/212
f 57/213 59/214 70/215 68/216
f 61/217 60/218 71/219 72/220
f 60/221 62/222 73/223 71/224
f 62/225 63/226 74/227 73/228
f 63/229 64/230 75/231 74/232
f 64/233 65/234 76/235 75/236
f 65/237 66/238 77/239 76/240
f 66/241 67/242 78/243 77/244
f 67/245 68/246 79/247 78/248
f 70/249 69/250 80/251 81/252
f 68/253 70/254 81/255 79/256
f 72/257 71/258 82/259 83/260
f 71/261 73/262 84/263 82/264
f 73/265 74/266 85/267 84/268
f 74/269 75/270 86/271 85/272
f 75/273 76/274 87/275 86/276
f 76/277 77/278 88/279 87/280
f 77/281 78/282 89/283 88/284
f 78/285 79/286 90/287 89/288
f 81/289 80/290 91/291 92/292
f 79/293 81/294 92/295 90/296
f 83/297 82/298 93/299 94/300
f 82/301 84/302 95/303 93/304
f 95/305 96/306 94/307 93/308
f 84/309 85/310 97/311 95/312
f 97/313 98/314 96/315 95/316
f 85/317 86/318 99/319 97/320
f 99/321 100/322 98/323 97/324
f 86/325 87/326 101/327 99/328
f 101/329 102/330 100/331 99/332
f 87/333 88/334 103/335 101/336
f 103/337 104/338 102/339 101/340
f 88/341 89/342 105/343 103/344
f 105/345 106/346 104/347 103/348
f 89/349 90/350 107/351 105/352
f 107/353 108/354 106/355 105/356
f 92/357 91/358 109/359 110/360
f 90/361 92/362 110/363 107/364
f 110/365 109/366 108/367 107/368
f 111/369 1/370 4/371 112/372
f 1/373 111/374 113/375 7/376
f 7/377 113/378 114/379 10/380
f 21/381 115/382 116/383 22/384
f 24/385 117/386 118/387 25/388
f 22/389 116/390 117/391 24/392
f 112/393 4/394 28/395 119/396
f 25/397 118/398 120/399 36/400
f 119/401 28/402 39/403 121/404
f 36/405 120/406 122/407 47/408
f 121/409 39/410 50/411 123/412
f 47/413 122/414 124/415 58/416
f 123/417 50/418 61/419 125/420
f 58/421 124/422 126/423 69/424
f 125/425 61/426 72/427 127/428
f 69/429 126/430 128/431 80/432
f 127/433 72/434 83/435 129/436
f 80/437 128/438 130/439 91/440
f 129/441 83/442 94/443 131/444
f 96/445 132/446 131/447 94/448
f 98/449 133/450 132/451 96/452
f 100/453 134/454 133/455 98/456
f 102/457 135/458 134/459 100/460
f 104/461 136/462 135/463 102/464
f 106/465 137/466 136/467 104/468
f 108/469 138/470 137/471 106/472
f 91/473 130/474 139/475 109/476
f 109/477 139/478 138/479 108/480
f 140/481 111/482 112/483 141/484
f 111/485 140/486 142/487 113/488
f 113/489 142/490 143/491 114/492
f 115/493 144/494 145/495 116/496
f 117/497 146/498 147/499 118/500
f 116/501 145/502 146/503 117/504
f 141/505 112/506 119/507 148/508
f 118/509 147/510 149/511 120/512
f 148/513 119/514 121/515 150/516
f 120/517 149/518 151/519 122/520
f 150/521 121/522 123/523 152/524
f 122/525 151/526 153/527 124/528
f 152/529 123/530 125/531 154/532
f 124/533 153/534 155/535 126/536
f 154/537 125/538 127/539 156/540
f 126/541 155/542 157/543 128/544
f 156/545 127/546 129/547 158/548
f 128/549 157/550 159/551 130/552
f 158/553 129/554 131/555 160/556
f 132/557 161/558 160/559 131/560
f 133/561 162/562 161/563 132/564
f 134/565 163/566 162/567 133/568
f 135/569 164/570 163/571 134/572
f 136/573 165/574 164/575 135/576
f 137/577 166/578 165/579 136/580
f 138/581 167/582 166/583 137/584
f 130/585 159/586 168/587 139/588
f 139/589 168/590 167/591 138/592
f 169/593 140/594 141/595 170/596
f 140/597 169/598 171/599 142/600
f 142/601 171/602 172/603 143/604
f 144/605 173/606 174/607 145/608
f 146/609 175/610 176/611 147/612
f 145/613 174/614 175/615 146/616
f 170/617 141/618 148/619 177/620
f 147/621 176/622 178/623 149/624
f 177/625 148/626 150/627 179/628
f 149/629 178/630 180/631 151/632
f 179/633 150/634 152/635 181/636
f 151/637 180/638 182/639 153/640
f 181/641 152/642 154/643 183/644
f 153/645 182/646 184/647 155/648
f 183/649 154/650 156/651 185/652
f 155/653 184/654 186/655 157/656
f 185/657 156/658 158/659 187/660
f 157/661 186/662 188/663 159/664
f 187/665 158/666 160/667 189/668
f 161/669 190/670 189/671 160/672
f 162/673 191/674 190/675 161/676
f 163/677 192/678 191/679 162/680
f 164/681 193/682 192/683 163/684
f 165/685 194/686 193/687 164/688
f 166/689 195/690 194/691 165/692
f 167/693 196/694 195/695 166/696
f 159/697 188/698 197/699 168/700
f 168/701 197/702 196/703 167/704
f 198/705 169/706 170/707 199/708
f 169/709 198/710 200/711 171/712
f 171/713 200/714 201/715 172/716
f 173/717 202/718 203/719 174/720
f 175/721 204/722 205/723 176/724
f 174/725 203/726 204/727 175/728
f 199/729 170/730 177/731 206/732
f 176/733 205/734 207/735 178/736
f 206/737 177/738 179/739 208/740
f 178/741 207/742 209/743 180/744
f 208/745 179/746 181/747 210/748
f 180/749 209/750 211/751 182/752
f 210/753 181/754 183/755 212/756
f 182/757 211/758 213/759 184/760
f 212/761 183/762 185/763 214/764
f 184/765 213/766 215/767 186/768
f 214/769 185/770 187/771 216/772
f 186/773 215/774 217/775 188/776
f 216/777 187/778 189/779 218/780
f 190/781 219/782 218/783 189/784
f 191/785 220/786 219/787 190/788
f 192/789 221/790 220/791 191/792
f 193/793 222/794 221/795 192/796
f 194/797 223/798 222/799 193/800
f 195/801 224/802 223/803 194/804
f 196/805 225/806 224/807 195/808
f 188/809 217/810 226/811 197/812
f 197/813 226/814 225/815 196/816
f 227/817 198/818 199/819 228/820
f 198/821 227/822 229/823 200/824
f 200/825 229/826 230/827 201/828
f 202/829 231/830 232/831 203/832
f 204/833 233/834 234/835 205/836
f 203/837 232/838 233/839 204/840
f 228/841 199/842 206/843 235/844
f 205/845 234/846 236/847 207/848
f 235/849 206/850 208/851 237/852
f 207/853 236/854 238/855 209/856
f 237/857 208/858 210/859 239/860
f 209/861 238/862 240/863 211/864
f 239/865 210/866 212/867 241/868
f 211/869 240/870 242/871 213/872
f 241/873 212/874 214/875 243/876
f 213/877 242/878 244/879 215/880
f 243/881 214/882 216/883 245/884
f 215/885 244/886 246/887 217/888
f 245/889 216/890 218/891 247/892
f 219/893 248/894 247/895 218/896
f 220/897 249/898 248/899 219/900
f 221/901 250/902 249/903 220/904
f 222/905 251/906 250/907 221/908
f 223/909 252/910 251/911 222/912
f 224/913 253/914 252/915 223/916
f 225/917 254/918 253/919 224/920
f 217/921 246/922 255/923 226/924
f 226/925 255/926 254/927 225/928
f 256/929 227/930 228/931 257/932
f 227/933 256/934 258/935 229/936
f 229/937 258/938 259/939 230/940
f 231/941 260/942 261/943 232/944
f 233/945 262/946 263/947 234/948
f 232/949 261/950 262/951 233/952
f 257/953 228/954 235/955 264/956
f 234/957 263/958 265/959 236/960
f 264/961 235/962 237/963 266/964
f 236/965 265/966 267/967 238/968
f 266/969 237/970 239/971 268/972
f 238/973 267/974 269/975 240/976
f 268/977 239/978 241/979 270/980
f 240/981 269/982 271/983 242/984
f 270/985 241/986 243/987 272/988
f 242/989 271/990 273/991 244/992
f 272/993 243/994 245/995 274/996
f 244/997 273/998 275/999 246/1000
f 274/1001 245/1002 247/1003 276/1004
f 248/1005 277/1006 276/1007 247/1008
f 249/1009 278/1010 277/1011 248/1012
f 250/1013 279/1014 278/1015 249/1016
f 251/1017 280/1018 279/1019 250/1020
f 252/1021 281/1022 280/1023 251/1024
f 253/1025 282/1026 281/1027 252/1028
f 254/1029 283/1030 282/1031 253/1032
f 246/1033 275/1034 284/1035 255/1036
f 255/1037 284/1038 283/1039 254/1040
f 285/1041 256/1042 257/1043 286/1044
f 287/1045 285/1046 286/1047 288/1048
f 256/1049 285/1050 287/1051 258/1052
f 289/1053 287/1054 288/1055 290/1056
f 258/1057 287/1058 289/1059 259/1060
f 291/1061 289/1062 290/1063 292/1064
f 293/1065 291/1066 292/1067 294/1068
f 295/1069 293/1070 294/1071 296/1072
f 297/1073 295/1074 296/1075 298/1076
f 299/1077 297/1078 298/1079 300/1080
f 260/1081 297/1082 299/1083 261/1084
f 262/1085 301/1086 302/1087 263/1088
f 301/1089 299/1090 300/1091 302/1092
f 261/1093 299/1094 301/1095 262/1096
f 286/1097 257/1098 264/1099 303/1100
f 288/1101 286/1102 303/1103 304/1104
f 290/1105 288/1106 304/1107 305/1108
f 292/1109 290/1110 305/1111 306/1112
f 294/1113 292/1114 306/1115 307/1116
f 296/1117 294/1118 307/1119 308/1120
f 298/1121 296/1122 308/1123 309/1124
f 300/1125 298/1126 309/1127 310/1128
f 263/1129 302/1130 311/1131 265/1132
f 302/1133 300/1134 310/1135 311/1136
f 303/1137 264/1138 266/1139 312/1140
f 304/1141 303/1142 312/1143 313/1144
f 305/1145 304/1146 313/1147 314/1148
f 306/1149 305/1150 314/1151 315/1152
f 307/1153 306/1154 315/1155 316/1156
f 308/1157 307/1158 316/1159 317/1160
f 309/1161 308/1162 317/1163 318/1164
f 310/1165 309/1166 318/1167 319/1168
f 265/1169 311/1170 320/1171 267/1172
f 311/1173 310/1174 319/1175 320/1176
f 312/1177 266/1178 268/1179 321/1180
f 313/1181 312/1182 321/1183 322/1184
f 314/1185 313/1186 322/1187 323/1188
f 315/1189 314/1190 323/1191 324/1192
f 316/1193 315/1194 324/1195 325/1196
f 317/1197 316/1198 325/1199 326/1200
f 318/1201 317/1202 326/1203 327/1204
f 319/1205 318/1206 327/1207 328/1208
f 267/1209 320/1210 329/1211 269/1212
f 320/1213 319/1214 328/1215 329/1216
f 321/1217 268/1218 270/1219 330/1220
f 322/1221 321/1222 330/1223 331/1224
f 323/1225 322/1226 331/1227 332/1228
f 324/1229 323/1230 332/1231 333/1232
f 325/1233 324/1234 333/1235 334/1236
f 326/1237 325/1238 334/1239 335/1240
f 327/1241 326/1242 335/1243 336/1244
f 328/1245 327/1246 336/1247 337/1248
f 269/1249 329/1250 338/1251 271/1252
f 329/1253 328/1254 337/1255 338/1256
f 330/1257 270/1258 272/1259 339/1260
f 331/1261 330/1262 339/1263 340/1264
f 332/1265 331/1266 340/1267 341/1268
f 333/1269 332/1270 341/1271 342/1272
f 334/1273 333/1274 342/1275 343/1276
f 335/1277 334/1278 343/1279 344/1280
f 336/1281 335/1282 344/1283 345/1284
f 337/1285 336/1286 345/1287 346/1288
f 271/1289 338/1290 347/1291 273/1292
f 338/1293 337/1294 346/1295 347/1296
f 339/1297 272/1298 274/1299 348/1300
f 340/1301 339/1302 348/1303 349/1304
f 341/1305 340/1306 349/1307 350/1308
f 342/1309 341/1310 350/1311 351/1312
f 343/1313 342/1314 351/1315 352/1316
f 344/1317 343/1318 352/1319 353/1320
f 345/1321 344/1322 353/1323 354/1324
f 346/1325 345/1326 354/1327 355/1328
f 273/1329 347/1330 356/1331 275/1332
f 347/1333 346/1334 355/1335 356/1336
f 348/1337 274/1338 276/1339 357/1340
f 349/1341 348/1342 357/1343 358/1344
f 277/1345 358/1346 357/1347 276/1348
f 350/1349 349/1350 358/1351 359/1352
f 278/1353 359/1354 358/1355 277/1356
f 351/1357 350/1358 359/1359 360/1360
f 279/1361 360/1362 359/1363 278/1364
f 352/1365 351/1366 360/1367 361/1368
f 280/1369 361/1370 360/1371 279/1372
f 353/1373 352/1374 361/1375 362/1376
f 281/1377 362/1378 361/1379 280/1380
f 354/1381 353/1382 362/1383 363/1384
f 282/1385 363/1386 362/1387 281/1388
f 355/1389 354/1390 363/1391 364/1392
f 283/1393 364/1394 363/1395 282/1396
f 275/1397 356/1398 365/1399 284/1400
f 356/1401 355/1402 364/1403 365/1404
f 284/1405 365/1406 364/1407 283/1408
f 366/1409 367/1410 368/1411 369/1412
f 367/1413 370/1414 371/1415 368/1416
f 370/1417 372/1418 373/1419 371/1420
f 372/1421 374/1422 375/1423 373/1424
f 376/1425 377/1426 378/1427 379/1428
f 374/1429 376/1430 379/1431 375/1432
f 369/1433 368/1434 380/1435 381/1436
f 368/1437 371/1438 382/1439 380/1440
f 371/1441 373/1442 383/1443 382/1444
f 373/1445 375/1446 384/1447 383/1448
f 379/1449 378/1450 385/1451 386/1452
f 375/1453 379/1454 386/1455 384/1456
f 381/1457 380/1458 387/1459 388/1460
f 380/1461 382/1462 389/1463 387/1464
f 382/1465 383/1466 390/1467 389/1468
f 383/1469 384/1470 391/1471 390/1472
f 386/1473 385/1474 392/1475 393/1476
f 384/1477 386/1478 393/1479 391/1480
f 388/1481 387/1482 394/1483 395/1484
f 387/1485 389/1486 396/1487 394/1488
f 389/1489 390/1490 397/1491 396/1492
f 390/1493 391/1494 398/1495 397/1496
f 393/1497 392/1498 399/1499 400/1500
f 391/1501 393/1502 400/1503 398/1504
f 395/1505 394/1506 401/1507 402/1508
f 394/1509 396/1510 403/1511 401/1512
f 396/1513 397/1514 404/1515 403/1516
f 397/1517 398/1518 405/1519 404/1520
f 400/1521 399/1522 406/1523 407/1524
f 398/1525 400/1526 407/1527 405/1528
f 402/1529 401/1530 408/1531 409/1532
f 401/1533 403/1534 410/1535 408/1536
f 403/1537 404/1538 411/1539 410/1540
f 404/1541 405/1542 412/1543 411/1544
f 407/1545 406/1546 413/1547 414/1548
f 405/1549 407/1550 414/1551 412/1552
f 409/1553 408/1554 415/1555 416/1556
f 408/1557 410/1558 417/1559 415/1560
f 410/1561 411/1562 418/1563 417/1564
f 411/1565 412/1566 419/1567 418/1568
f 414/1569 413/1570 420/1571 421/1572
f 412/1573 414/1574 421/1575 419/1576
f 416/1577 415/1578 422/1579 423/1580
f 415/1581 417/1582 424/1583 422/1584
f 417/1585 418/1586 425/1587 424/1588
f 418/1589 419/1590 426/1591 425/1592
f 421/1593 420/1594 427/1595 428/1596
f 419/1597 421/1598 428/1599 426/1600
f 423/1601 422/1602 429/1603 430/1604
f 428/1605 427/1606 431/1607 432/1608
f 430/1609 429/1610 433/1611 434/1612
f 432/1613 431/1614 435/1615 436/1616
f 434/1617 433/1618 437/1619 438/1620
f 436/1621 435/1622 439/1623 440/1624
f 438/1625 437/1626 8/1627 10/1628
f 440/1629 439/1630 21/1631 17/1632
f 441/1633 366/1634 369/1635 442/1636
f 377/1637 443/1638 444/1639 378/1640
f 442/1641 369/1642 381/1643 445/1644
f 378/1645 444/1646 446/1647 385/1648
f 445/1649 381/1650 388/1651 447/1652
f 385/1653 446/1654 448/1655 392/1656
f 447/1657 388/1658 395/1659 449/1660
f 392/1661 448/1662 450/1663 399/1664
f 449/1665 395/1666 402/1667 451/1668
f 399/1669 450/1670 452/1671 406/1672
f 451/1673 402/1674 409/1675 453/1676
f 406/1677 452/1678 454/1679 413/1680
f 453/1681 409/1682 416/1683 455/1684
f 413/1685 454/1686 456/1687 420/1688
f 455/1689 416/1690 423/1691 457/1692
f 420/1693 456/1694 458/1695 427/1696
f 457/1697 423/1698 430/1699 459/1700
f 427/1701 458/1702 460/1703 431/1704
f 459/1705 430/1706 434/1707 461/1708
f 431/1709 460/1710 462/1711 435/1712
f 461/1713 434/1714 438/1715 463/1716
f 435/1717 462/1718 464/1719 439/1720
f 463/1721 438/1722 10/1723 114/1724
f 439/1725 464/1726 115/1727 21/1728
f 465/1729 441/1730 442/1731 466/1732
f 443/1733 467/1734 468/1735 444/1736
f 466/1737 442/1738 445/1739 469/1740
f 444/1741 468/1742 470/1743 446/1744
f 469/1745 445/1746 447/1747 471/1748
f 446/1749 470/1750 472/1751 448/1752
f 471/1753 447/1754 449/1755 473/1756
f 448/1757 472/1758 474/1759 450/1760
f 473/1761 449/1762 451/1763 475/1764
f 450/1765 474/1766 476/1767 452/1768
f 475/1769 451/1770 453/1771 477/1772
f 452/1773 476/1774 478/1775 454/1776
f 477/1777 453/1778 455/1779 479/1780
f 454/1781 478/1782 480/1783 456/1784
f 479/1785 455/1786 457/1787 481/1788
f 456/1789 480/1790 482/1791 458/1792
f 481/1793 457/1794 459/1795 483/1796
f 458/1797 482/1798 484/1799 460/1800
f 483/1801 459/1802 461/1803 485/1804
f 460/1805 484/1806 486/1807 462/1808
f 485/1809 461/1810 463/1811 487/1812
f 462/1813 486/1814 488/1815 464/1816
f 487/1817 463/1818 114/1819 143/1820
f 464/1821 488/1822 144/1823 115/1824
f 489/1825 465/1826 466/1827 490/1828
f 467/1829 491/1830 492/1831 468/1832
f 490/1833 466/1834 469/1835 493/1836
f 468/1837 492/1838 494/1839 470/1840
f 493/1841 469/1842 471/1843 495/1844
f 470/1845 494/1846 496/1847 472/1848
f 495/1849 471/1850 473/1851 497/1852
f 472/1853 496/1854 498/1855 474/1856
f 497/1857 473/1858 475/1859 499/1860
f 474/1861 498/1862 500/1863 476/1864
f 499/1865 475/1866 477/1867 501/1868
f 476/1869 500/1870 502/1871 478/1872
f 501/1873 477/1874 479/1875 503/1876
f 478/1877 502/1878 504/1879 480/1880
f 503/1881 479/1882 481/1883 505/1884
f 480/1885 504/1886 506/1887 482/1888
f 505/1889 481/1890 483/1891 507/1892
f 482/1893 506/1894 508/1895 484/1896
f 507/1897 483/1898 485/1899 509/1900
f 484/1901 508/1902 510/1903 486/1904
f 509/1905 485/1906 487/1907 511/1908
f 486/1909 510/1910 512/1911 488/1912
f 511/1913 487/1914 143/1915 172/1916
f 488/1917 512/1918 173/1919 144/1920
f 513/1921 489/1922 490/1923 514/1924
f 491/1925 515/1926 516/1927 492/1928
f 514/1929 490/1930 493/1931 517/1932
f 492/1933 516/1934 518/1935 494/1936
f 517/1937 493/1938 495/1939 519/1940
f 494/1941 518/1942 520/1943 496/1944
f 519/1945 495/1946 497/1947 521/1948
f 496/1949 520/1950 522/1951 498/1952
f 521/1953 497/1954 499/1955 523/1956
f 498/1957 522/1958 524/1959 500/1960
f 523/1961 499/1962 501/1963 525/1964
f 500/1965 524/1966 526/1967 502/1968
f 525/1969 501/1970 503/1971 527/1972
f 502/1973 526/1974 528/1975 504/1976
f 527/1977 503/1978 505/1979 529/1980
f 504/1981 528/1982 530/1983 506/1984
f 529/1985 505/1986 507/1987 531/1988
f 506/1989 530/1990 532/1991 508/1992
f 531/1993 507/1994 509/1995 533/1996
f 508/1997 532/1998 534/1999 510/2000
f 533/2001 509/2002 511/2003 535/2004
f 510/2005 534/2006 536/2007 512/2008
f 535/2009 511/2010 172/2011 201/2012
f 512/2013 536/2014 202/2015 173/2016
f 537/2017 513/2018 514/2019 538/2020
f 515/2021 539/2022 540/2023 516/2024
f 538/2025 514/2026 517/2027 541/2028
f 516/2029 540/2030 542/2031 518/2032
f 541/2033 517/2034 519/2035 543/2036
f 518/2037 542/2038 544/2039 520/2040
f 543/2041 519/2042 521/2043 545/2044
f 520/2045 544/2046 546/2047 522/2048
f 545/2049 521/2050 523/2051 547/2052
f 522/2053 546/2054 548/2055 524/2056
f 547/2057 523/2058 525/2059 549/2060
f 524/2061 548/2062 550/2063 526/2064
f 549/2065 525/2066 527/2067 551/2068
f 526/2069 550/2070 552/2071 528/2072
f 551/2073 527/2074 529/2075 553/2076
f 528/2077 552/2078 554/2079 530/2080
f 553/2081 529/2082 531/2083 555/2084
f 530/2085 554/2086 556/2087 532/2088
f 555/2089 531/2090 533/2091 557/2092
f 532/2093 556/2094 558/2095 534/2096
f 557/2097 533/2098 535/2099 559/2100
f 534/2101 558/2102 560/2103 536/2104
f 559/2105 535/2106 201/2107 230/2108
f 536/2109 560/2110 231/2111 202/2112
f 561/2113 537/2114 538/2115 562/2116
f 539/2117 563/2118 564/2119 540/2120
f 562/2121 538/2122 541/2123 565/2124
f 540/2125 564/2126 566/2127 542/2128
f 565/2129 541/2130 543/2131 567/2132
f 542/2133 566/2134 568/2135 544/2136
f 567/2137 543/2138 545/2139 569/2140
f 544/2141 568/2142 570/2143 546/2144
f 569/2145 545/2146 547/2147 571/2148
f 546/2149 570/2150 572/2151 548/2152
f 571/2153 547/2154 549/2155 573/2156
f 548/2157 572/2158 574/2159 550/2160
f 573/2161 549/2162 551/2163 575/2164
f 550/2165 574/2166 576/2167 552/2168
f 575/2169 551/2170 553/2171 577/2172
f 552/2173 576/2174 578/2175 554/2176
f 577/2177 553/2178 555/2179 579/2180
f 554/2181 578/2182 580/2183 556/2184
f 579/2185 555/2186 557/2187 581/2188
f 556/2189 580/2190 582/2191 558/2192
f 581/2193 557/2194 559/2195 583/2196
f 558/2197 582/2198 584/2199 560/2200
f 583/2201 559/2202 230/2203 259/2204
f 560/2205 584/2206 260/2207 231/2208
f 585/2209 561/2210 562/2211 586/2212
f 587/2213 585/2214 586/2215 588/2216
f 589/2217 587/2218 588/2219 590/2220
f 591/2221 589/2222 590/2223 592/2224
f 563/2225 593/2226 594/2227 564/2228
f 593/2229 591/2230 592/2231 594/2232
f 586/2233 562/2234 565/2235 595/2236
f 588/2237 586/2238 595/2239 596/2240
f 590/2241 588/2242 596/2243 597/2244
f 592/2245 590/2246 597/2247 598/2248
f 564/2249 594/2250 599/2251 566/2252
f 594/2253 592/2254 598/2255 599/2256
f 595/2257 565/2258 567/2259 600/2260
f 596/2261 595/2262 600/2263 601/2264
f 597/2265 596/2266 601/2267 602/2268
f 598/2269 597/2270 602/2271 603/2272
f 566/2273 599/2274 604/2275 568/2276
f 599/2277 598/2278 603/2279 604/2280
f 600/2281 567/2282 569/2283 605/2284
f 601/2285 600/2286 605/2287 606/2288
f 602/2289 601/2290 606/2291 607/2292
f 603/2293 602/2294 607/2295 608/2296
f 568/2297 604/2298 609/2299 570/2300
f 604/2301 603/2302 608/2303 609/2304
f 605/2305 569/2306 571/2307 610/2308
f 606/2309 605/2310 610/2311 611/2312
f 607/2313 606/2314 611/2315 612/2316
f 608/2317 607/2318 612/2319 613/2320
f 570/2321 609/2322 614/2323 572/2324
f 609/2325 608/2326 613/2327 614/2328
f 610/2329 571/2330 573/2331 615/2332
f 611/2333 610/2334 615/2335 616/2336
f 612/2337 611/2338 616/2339 617/2340
f 613/2341 612/2342 617/2343 618/2344
f 572/2345 614/2346 619/2347 574/2348
f 614/2349 613/2350 618/2351 619/2352
f 615/2353 573/2354 575/2355 620/2356
f 616/2357 615/2358 620/2359 621/2360
f 617/2361 616/2362 621/2363 622/2364
f 618/2365 617/2366 622/2367 623/2368
f 574/2369 619/2370 624/2371 576/2372
f 619/2373 618/2374 623/2375 624/2376
f 620/2377 575/2378 577/2379 625/2380
f 621/2381 620/2382 625/2383 626/2384
f 622/2385 621/2386 626/2387 627/2388
f 623/2389 622/2390 627/2391 628/2392
f 576/2393 624/2394 629/2395 578/2396
f 624/2397 623/2398 628/2399 629/2400
f 625/2401 577/2402 579/2403 630/2404
f 578/2405 629/2406 631/2407 580/2408
f 630/2409 579/2410 581/2411 632/2412
f 580/2413 631/2414 633/2415 582/2416
f 632/2417 581/2418 583/2419 634/2420
f 582/2421 633/2422 635/2423 584/2424
f 634/2425 583/2426 259/2427 289/2428
f 584/2429 635/2430 297/2431 260/2432
f 636/2433 637/2434 638/2435 639/2436
f 637/2437 640/2438 641/2439 638/2440
f 637/2441 636/2442 642/2443 640/2444
f 640/2445 643/2446 644/2447 641/2448
f 640/2449 642/2450 645/2451 643/2452
f 643/2453 646/2454 647/2455 644/2456
f 643/2457 645/2458 648/2459 646/2460
f 649/2461 650/2462 651/2463 652/2464
f 646/2465 649/2466 652/2467 647/2468
f 646/2469 648/2470 650/2471 649/2472
f 639/2473 638/2474 653/2475 654/2476
f 638/2477 641/2478 655/2479 653/2480
f 641/2481 644/2482 656/2483 655/2484
f 644/2485 647/2486 657/2487 656/2488
f 652/2489 651/2490 658/2491 659/2492
f 647/2493 652/2494 659/2495 657/2496
f 654/2497 653/2498 660/2499 661/2500
f 653/2501 655/2502 662/2503 660/2504
f 655/2505 656/2506 663/2507 662/2508
f 656/2509 657/2510 664/2511 663/2512
f 659/2513 658/2514 665/2515 666/2516
f 657/2517 659/2518 666/2519 664/2520
f 661/2521 660/2522 667/2523 668/2524
f 660/2525 662/2526 669/2527 667/2528
f 669/2529 670/2530 668/2531 667/2532
f 662/2533 663/2534 671/2535 669/2536
f 671/2537 672/2538 670/2539 669/2540
f 663/2541 664/2542 673/2543 671/2544
f 673/2545 674/2546 672/2547 671/2548
f 666/2549 665/2550 675/2551 676/2552
f 664/2553 666/2554 676/2555 673/2556
f 676/2557 675/2558 674/2559 673/2560
f 677/2561 636/2562 639/2563 678/2564
f 636/2565 677/2566 679/2567 642/2568
f 642/2569 679/2570 680/2571 645/2572
f 645/2573 680/2574 681/2575 648/2576
f 650/2577 682/2578 683/2579 651/2580
f 648/2581 681/2582 682/2583 650/2584
f 678/2585 639/2586 654/2587 684/2588
f 651/2589 683/2590 685/2591 658/2592
f 684/2593 654/2594 661/2595 686/2596
f 658/2597 685/2598 687/2599 665/2600
f 686/2601 661/2602 668/2603 688/2604
f 670/2605 689/2606 688/2607 668/2608
f 672/2609 690/2610 689/2611 670/2612
f 674/2613 691/2614 690/2615 672/2616
f 665/2617 687/2618 692/2619 675/2620
f 675/2621 692/2622 691/2623 674/2624
f 693/2625 677/2626 678/2627 694/2628
f 677/2629 693/2630 695/2631 679/2632
f 679/2633 695/2634 696/2635 680/2636
f 680/2637 696/2638 697/2639 681/2640
f 682/2641 698/2642 699/2643 683/2644
f 681/2645 697/2646 698/2647 682/2648
f 694/2649 678/2650 684/2651 700/2652
f 683/2653 699/2654 701/2655 685/2656
f 700/2657 684/2658 686/2659 702/2660
f 685/2661 701/2662 703/2663 687/2664
f 702/2665 686/2666 688/2667 704/2668
f 689/2669 705/2670 704/2671 688/2672
f 690/2673 706/2674 705/2675 689/2676
f 691/2677 707/2678 706/2679 690/2680
f 687/2681 703/2682 708/2683 692/2684
f 692/2685 708/2686 707/2687 691/2688
f 709/2689 693/2690 694/2691 710/2692
f 693/2693 709/2694 711/2695 695/2696
f 695/2697 711/2698 712/2699 696/2700
f 696/2701 712/2702 713/2703 697/2704
f 698/2705 714/2706 715/2707 699/2708
f 697/2709 713/2710 714/2711 698/2712
f 710/2713 694/2714 700/2715 716/2716
f 699/2717 715/2718 717/2719 701/2720
f 716/2721 700/2722 702/2723 718/2724
f 701/2725 717/2726 719/2727 703/2728
f 718/2729 702/2730 704/2731 720/2732
f 705/2733 721/2734 720/2735 704/2736
f 706/2737 722/2738 721/2739 705/2740
f 707/2741 723/2742 722/2743 706/2744
f 703/2745 719/2746 724/2747 708/2748
f 708/2749 724/2750 723/2751 707/2752
f 725/2753 709/2754 710/2755 726/2756
f 709/2757 725/2758 727/2759 711/2760
f 711/2761 727/2762 728/2763 712/2764
f 712/2765 728/2766 729/2767 713/2768
f 714/2769 730/2770 731/2771 715/2772
f 713/2773 729/2774 730/2775 714/2776
f 726/2777 710/2778 716/2779 732/2780
f 715/2781 731/2782 733/2783 717/2784
f 732/2785 716/2786 718/2787 734/2788
f 717/2789 733/2790 735/2791 719/2792
f 734/2793 718/2794 720/2795 736/2796
f 721/2797 737/2798 736/2799 720/2800
f 722/2801 738/2802 737/2803 721/2804
f 723/2805 739/2806 738/2807 722/2808
f 719/2809 735/2810 740/2811 724/2812
f 724/2813 740/2814 739/2815 723/2816
f 741/2817 725/2818 726/2819 742/2820
f 725/2821 741/2822 743/2823 727/2824
f 727/2825 743/2826 744/2827 728/2828
f 728/2829 744/2830 745/2831 729/2832
f 730/2833 746/2834 747/2835 731/2836
f 729/2837 745/2838 746/2839 730/2840
f 742/2841 726/2842 732/2843 748/2844
f 731/2845 747/2846 749/2847 733/2848
f 748/2849 732/2850 734/2851 750/2852
f 733/2853 749/2854 751/2855 735/2856
f 750/2857 734/2858 736/2859 752/2860
f 737/2861 753/2862 752/2863 736/2864
f 738/2865 754/2866 753/2867 737/2868
f 739/2869 755/2870 754/2871 738/2872
f 735/2873 751/2874 756/2875 740/2876
f 740/2877 756/2878 755/2879 739/2880
f 757/2881 741/2882 742/2883 758/2884
f 741/2885 757/2886 759/2887 743/2888
f 743/2889 759/2890 760/2891 744/2892
f 744/2893 760/2894 761/2895 745/2896
f 746/2897 762/2898 763/2899 747/2900
f 745/2901 761/2902 762/2903 746/2904
f 758/2905 742/2906 748/2907 764/2908
f 747/2909 763/2910 765/2911 749/2912
f 764/2913 748/2914 750/2915 766/2916
f 749/2917 765/2918 767/2919 751/2920
f 766/2921 750/2922 752/2923 768/2924
f 753/2925 769/2926 768/2927 752/2928
f 754/2929 770/2930 769/2931 753/2932
f 755/2933 771/2934 770/2935 754/2936
f 751/2937 767/2938 772/2939 756/2940
f 756/2941 772/2942 771/2943 755/2944
f 773/2945 757/2946 758/2947 774/2948
f 757/2949 773/2950 775/2951 759/2952
f 759/2953 775/2954 776/2955 760/2956
f 760/2957 776/2958 777/2959 761/2960
f 762/2961 778/2962 779/2963 763/2964
f 761/2965 777/2966 778/2967 762/2968
f 774/2969 758/2970 764/2971 780/2972
f 763/2973 779/2974 781/2975 765/2976
f 780/2977 764/2978 766/2979 782/2980
f 765/2981 781/2982 783/2983 767/2984
f 782/2985 766/2986 768/2987 784/2988
f 769/2989 785/2990 784/2991 768/2992
f 770/2993 786/2994 785/2995 769/2996
f 771/2997 787/2998 786/2999 770/3000
f 767/3001 783/3002 788/3003 772/3004
f 772/3005 788/3006 787/3007 771/3008
f 789/3009 773/3010 774/3011 790/3012
f 773/3013 789/3014 791/3015 775/3016
f 775/3017 791/3018 792/3019 776/3020
f 776/3021 792/3022 793/3023 777/3024
f 778/3025 794/3026 795/3027 779/3028
f 777/3029 793/3030 794/3031 778/3032
f 790/3033 774/3034 780/3035 796/3036
f 779/3037 795/3038 797/3039 781/3040
f 796/3041 780/3042 782/3043 798/3044
f 781/3045 797/3046 799/3047 783/3048
f 798/3049 782/3050 784/3051 800/3052
f 785/3053 801/3054 800/3055 784/3056
f 786/3057 802/3058 801/3059 785/3060
f 787/3061 803/3062 802/3063 786/3064
f 783/3065 799/3066 804/3067 788/3068
f 788/3069 804/3070 803/3071 787/3072
f 805/3073 789/3074 790/3075 806/3076
f 789/3077 805/3078 807/3079 791/3080
f 791/3081 807/3082 808/3083 792/3084
f 792/3085 808/3086 809/3087 793/3088
f 794/3089 810/3090 811/3091 795/3092
f 793/3093 809/3094 810/3095 794/3096
f 806/3097 790/3098 796/3099 812/3100
f 795/3101 811/3102 813/3103 797/3104
f 812/3105 796/3106 798/3107 814/3108
f 797/3109 813/3110 815/3111 799/3112
f 814/3113 798/3114 800/3115 816/3116
f 801/3117 817/3118 816/3119 800/3120
f 802/3121 818/3122 817/3123 801/3124
f 803/3125 819/3126 818/3127 802/3128
f 799/3129 815/3130 820/3131 804/3132
f 804/3133 820/3134 819/3135 803/3136
f 821/3137 805/3138 806/3139 822/3140
f 805/3141 821/3142 823/3143 807/3144
f 807/3145 823/3146 824/3147 808/3148
f 808/3149 824/3150 825/3151 809/3152
f 810/3153 826/3154 827/3155 811/3156
f 809/3157 825/3158 826/3159 810/3160
f 822/3161 806/3162 812/3163 828/3164
f 811/3165 827/3166 829/3167 813/3168
f 828/3169 812/3170 814/3171 830/3172
f 813/3173 829/3174 831/3175 815/3176
f 830/3177 814/3178 816/3179 832/3180
f 817/3181 833/3182 832/3183 816/3184
f 818/3185 834/3186 833/3187 817/3188
f 819/3189 835/3190 834/3191 818/3192
f 815/3193 831/3194 836/3195 820/3196
f 820/3197 836/3198 835/3199 819/3200
f 422/3201 821/3202 822/3203 429/3204
f 821/3205 422/3206 424/3207 823/3208
f 823/3209 424/3210 425/3211 824/3212
f 824/3213 425/3214 426/3215 825/3216
f 826/3217 428/3218 432/3219 827/3220
f 825/3221 426/3222 428/3223 826/3224
f 429/3225 822/3226 828/3227 433/3228
f 827/3229 432/3230 436/3231 829/3232
f 433/3233 828/3234 830/3235 437/3236
f 829/3237 436/3238 440/3239 831/3240
f 437/3241 830/3242 832/3243 8/3244
f 833/3245 11/3246 8/3247 832/3248
f 834/3249 13/3250 11/3251 833/3252
f 835/3253 15/3254 13/3255 834/3256
f 831/3257 440/3258 17/3259 836/3260
f 836/3261 17/3262 15/3263 835/3264
f 837/3265 625/3266 630/3267 838/3268
f 625/3269 837/3270 839/3271 626/3272
f 626/3273 839/3274 840/3275 627/3276
f 627/3277 840/3278 841/3279 628/3280
f 629/3281 842/3282 843/3283 631/3284
f 628/3285 841/3286 842/3287 629/3288
f 838/3289 630/3290 632/3291 844/3292
f 631/3293 843/3294 845/3295 633/3296
f 844/3297 632/3298 634/3299 846/3300
f 633/3301 845/3302 847/3303 635/3304
f 846/3305 634/3306 289/3307 848/3308
f 291/3309 849/3310 848/3311 289/3312
f 293/3313 850/3314 849/3315 291/3316
f 295/3317 851/3318 850/3319 293/3320
f 635/3321 847/3322 852/3323 297/3324
f 297/3325 852/3326 851/3327 295/3328
f 853/3329 837/3330 838/3331 854/3332
f 837/3333 853/3334 855/3335 839/3336
f 839/3337 855/3338 856/3339 840/3340
f 840/3341 856/3342 857/3343 841/3344
f 842/3345 858/3346 859/3347 843/3348
f 841/3349 857/3350 858/3351 842/3352
f 854/3353 838/3354 844/3355 860/3356
f 843/3357 859/3358 861/3359 845/3360
f 860/3361 844/3362 846/3363 862/3364
f 845/3365 861/3366 863/3367 847/3368
f 862/3369 846/3370 848/3371 864/3372
f 849/3373 865/3374 864/3375 848/3376
f 850/3377 866/3378 865/3379 849/3380
f 851/3381 867/3382 866/3383 850/3384
f 847/3385 863/3386 868/3387 852/3388
f 852/3389 868/3390 867/3391 851/3392
f 869/3393 853/3394 854/3395 870/3396
f 853/3397 869/3398 871/3399 855/3400
f 855/3401 871/3402 872/3403 856/3404
f 856/3405 872/3406 873/3407 857/3408
f 858/3409 874/3410 875/3411 859/3412
f 857/3413 873/3414 874/3415 858/3416
f 870/3417 854/3418 860/3419 876/3420
f 859/3421 875/3422 877/3423 861/3424
f 876/3425 860/3426 862/3427 878/3428
f 861/3429 877/3430 879/3431 863/3432
f 878/3433 862/3434 864/3435 880/3436
f 865/3437 881/3438 880/3439 864/3440
f 866/3441 882/3442 881/3443 865/3444
f 867/3445 883/3446 882/3447 866/3448
f 863/3449 879/3450 884/3451 868/3452
f 868/3453 884/3454 883/3455 867/3456
f 885/3457 869/3458 870/3459 886/3460
f 869/3461 885/3462 887/3463 871/3464
f 871/3465 887/3466 888/3467 872/3468
f 872/3469 888/3470 889/3471 873/3472
f 874/3473 890/3474 891/3475 875/3476
f 873/3477 889/3478 890/3479 874/3480
f 886/3481 870/3482 876/3483 892/3484
f 875/3485 891/3486 893/3487 877/3488
f 892/3489 876/3490 878/3491 894/3492
f 877/3493 893/3494 895/3495 879/3496
f 894/3497 878/3498 880/3499 896/3500
f 881/3501 897/3502 896/3503 880/3504
f 882/3505 898/3506 897/3507 881/3508
f 883/3509 899/3510 898/3511 882/3512
f 879/3513 895/3514 900/3515 884/3516
f 884/3517 900/3518 899/3519 883/3520
f 901/3521 885/3522 886/3523 902/3524
f 885/3525 901/3526 903/3527 887/3528
f 887/3529 903/3530 904/3531 888/3532
f 888/3533 904/3534 905/3535 889/3536
f 890/3537 906/3538 907/3539 891/3540
f 889/3541 905/3542 906/3543 890/3544
f 902/3545 886/3546 892/3547 908/3548
f 891/3549 907/3550 909/3551 893/3552
f 908/3553 892/3554 894/3555 910/3556
f 893/3557 909/3558 911/3559 895/3560
f 910/3561 894/3562 896/3563 912/3564
f 897/3565 913/3566 912/3567 896/3568
f 898/3569 914/3570 913/3571 897/3572
f 899/3573 915/3574 914/3575 898/3576
f 895/3577 911/3578 916/3579 900/3580
f 900/3581 916/3582 915/3583 899/3584
f 917/3585 901/3586 902/3587 918/3588
f 901/3589 917/3590 919/3591 903/3592
f 903/3593 919/3594 920/3595 904/3596
f 904/3597 920/3598 921/3599 905/3600
f 906/3601 922/3602 923/3603 907/3604
f 905/3605 921/3606 922/3607 906/3608
f 918/3609 902/3610 908/3611 924/3612
f 907/3613 923/3614 925/3615 909/3616
f 924/3617 908/3618 910/3619 926/3620
f 909/3621 925/3622 927/3623 911/3624
f 926/3625 910/3626 912/3627 928/3628
f 913/3629 929/3630 928/3631 912/3632
f 914/3633 930/3634 929/3635 913/3636
f 915/3637 931/3638 930/3639 914/3640
f 911/3641 927/3642 932/3643 916/3644
f 916/3645 932/3646 931/3647 915/3648
f 933/3649 917/3650 918/3651 934/3652
f 917/3653 933/3654 935/3655 919/3656
f 919/3657 935/3658 936/3659 920/3660
f 920/3661 936/3662 937/3663 921/3664
f 922/3665 938/3666 939/3667 923/3668
f 921/3669 937/3670 938/3671 922/3672
f 934/3673 918/3674 924/3675 940/3676
f 923/3677 939/3678 941/3679 925/3680
f 940/3681 924/3682 926/3683 942/3684
f 925/3685 941/3686 943/3687 927/3688
f 942/3689 926/3690 928/3691 944/3692
f 929/3693 945/3694 944/3695 928/3696
f 930/3697 946/3698 945/3699 929/3700
f 931/3701 947/3702 946/3703 930/3704
f 927/3705 943/3706 948/3707 932/3708
f 932/3709 948/3710 947/3711 931/3712
f 949/3713 933/3714 934/3715 950/3716
f 933/3717 949/3718 951/3719 935/3720
f 935/3721 951/3722 952/3723 936/3724
f 936/3725 952/3726 953/3727 937/3728
f 938/3729 954/3730 955/3731 939/3732
f 937/3733 953/3734 954/3735 938/3736
f 950/3737 934/3738 940/3739 956/3740
f 939/3741 955/3742 957/3743 941/3744
f 956/3745 940/3746 942/3747 958/3748
f 941/3749 957/3750 959/3751 943/3752
f 958/3753 942/3754 944/3755 960/3756
f 945/3757 961/3758 960/3759 944/3760
f 946/3761 962/3762 961/3763 945/3764
f 947/3765 963/3766 962/3767 946/3768
f 943/3769 959/3770 964/3771 948/3772
f 948/3773 964/3774 963/3775 947/3776
f 965/3777 949/3778 950/3779 966/3780
f 949/3781 965/3782 967/3783 951/3784
f 951/3785 967/3786 968/3787 952/3788
f 952/3789 968/3790 969/3791 953/3792
f 954/3793 970/3794 971/3795 955/3796
f 953/3797 969/3798 970/3799 954/3800
f 966/3801 950/3802 956/3803 972/3804
f 955/3805 971/3806 973/3807 957/3808
f 972/3809 956/3810 958/3811 974/3812
f 957/3813 973/3814 975/3815 959/3816
f 974/3817 958/3818 960/3819 976/3820
f 961/3821 977/3822 976/3823 960/3824
f 962/3825 978/3826 977/3827 961/3828
f 963/3829 979/3830 978/3831 962/3832
f 959/3833 975/3834 980/3835 964/3836
f 964/3837 980/3838 979/3839 963/3840
f 981/3841 965/3842 966/3843 982/3844
f 965/3845 981/3846 983/3847 967/3848
f 967/3849 983/3850 984/3851 968/3852
f 968/3853 984/3854 985/3855 969/3856
f 970/3857 986/3858 987/3859 971/3860
f 969/3861 985/3862 986/3863 970/3864
f 982/3865 966/3866 972/3867 988/3868
f 971/3869 987/3870 989/3871 973/3872
f 988/3873 972/3874 974/3875 990/3876
f 973/3877 989/3878 991/3879 975/3880
f 990/3881 974/3882 976/3883 992/3884
f 977/3885 993/3886 992/3887 976/3888
f 978/3889 994/3890 993/3891 977/3892
f 979/3893 995/3894 994/3895 978/3896
f 975/3897 991/3898 996/3899 980/3900
f 980/3901 996/3902 995/3903 979/3904
f 997/3905 981/3906 982/3907 998/3908
f 981/3909 997/3910 999/3911 983/3912
f 983/3913 999/3914 1000/3915 984/3916
f 984/3917 1000/3918 1001/3919 985/3920
f 986/3921 1002/3922 1003/3923 987/3924
f 985/3925 1001/3926 1002/3927 986/3928
f 998/3929 982/3930 988/3931 1004/3932
f 987/3933 1003/3934 1005/3935 989/3936
f 1004/3937 988/3938 990/3939 1006/3940
f 989/3941 1005/3942 1007/3943 991/3944
f 1006/3945 990/3946 992/3947 1008/3948
f 993/3949 1009/3950 1008/3951 992/3952
f 994/3953 1010/3954 1009/3955 993/3956
f 995/3957 1011/3958 1010/3959 994/3960
f 991/3961 1007/3962 1012/3963 996/3964
f 996/3965 1012/3966 1011/3967 995/3968
f 1013/3969 997/3970 998/3971 1014/3972
f 1015/3973 1013/3974 1014/3975 1016/3976
f 997/3977 1013/3978 1015/3979 999/3980
f 1017/3981 1015/3982 1016/3983 1018/3984
f 999/3985 1015/3986 1017/3987 1000/3988
f 1019/3989 1017/3990 1018/3991 1020/3992
f 1000/3993 1017/3994 1019/3995 1001/3996
f 1002/3997 1021/3998 1022/3999 1003/4000
f 1021/4001 1019/4002 1020/4003 1022/4004
f 1001/4005 1019/4006 1021/4007 1002/4008
f 1014/4009 998/4010 1004/4011 1023/4012
f 1016/4013 1014/4014 1023/4015 1024/4016
f 1018/4017 1016/4018 1024/4019 1025/4020
f 1020/4021 1018/4022 1025/4023 1026/4024
f 1003/4025 1022/4026 1027/4027 1005/4028
f 1022/4029 1020/4030 1026/4031 1027/4032
f 1023/4033 1004/4034 1006/4035 1028/4036
f 1024/4037 1023/4038 1028/4039 1029/4040
f 1025/4041 1024/4042 1029/4043 1030/4044
f 1026/4045 1025/4046 1030/4047 1031/4048
f 1005/4049 1027/4050 1032/4051 1007/4052
f 1027/4053 1026/4054 1031/4055 1032/4056
f 1028/4057 1006/4058 1008/4059 1033/4060
f 1029/4061 1028/4062 1033/4063 1034/4064
f 1009/4065 1034/4066 1033/4067 1008/4068
f 1030/4069 1029/4070 1034/4071 1035/4072
f 1010/4073 1035/4074 1034/4075 1009/4076
f 1031/4077 1030/4078 1035/4079 1036/4080
f 1011/4081 1036/4082 1035/4083 1010/4084
f 1007/4085 1032/4086 1037/4087 1012/4088
f 1032/4089 1031/4090 1036/4091 1037/4092
f 1012/4093 1037/4094 1036/4095 1011/4096
f 1038/4097 1039/4098 1040/4099 1041/4100
f 1039/4101 1042/4102 1043/4103 1040/4104
f 1039/4105 1038/4106 1044/4107 1042/4108
f 1042/4109 1045/4110 1046/4111 1043/4112
f 1042/4113 1044/4114 1047/4115 1045/4116
f 1045/4117 1048/4118 1049/4119 1046/4120
f 1045/4121 1047/4122 1050/4123 1048/4124
f 1051/4125 1052/4126 1053/4127 1054/4128
f 1048/4129 1051/4130 1054/4131 1049/4132
f 1048/4133 1050/4134 1052/4135 1051/4136
f 1041/4137 1040/4138 1055/4139 1056/4140
f 1040/4141 1043/4142 1057/4143 1055/4144
f 1043/4145 1046/4146 1058/4147 1057/4148
f 1046/4149 1049/4150 1059/4151 1058/4152
f 1054/4153 1053/4154 1060/4155 1061/4156
f 1049/4157 1054/4158 1061/4159 1059/4160
f 1056/4161 1055/4162 1062/4163 1063/4164
f 1055/4165 1057/4166 1064/4167 1062/4168
f 1057/4169 1058/4170 1065/4171 1064/4172
f 1058/4173 1059/4174 1066/4175 1065/4176
f 1061/4177 1060/4178 1067/4179 1068/4180
f 1059/4181 1061/4182 1068/4183 1066/4184
f 1063/4185 1062/4186 1069/4187 1070/4188
f 1062/4189 1064/4190 1071/4191 1069/4192
f 1064/4193 1065/4194 1072/4195 1071/4196
f 1065/4197 1066/4198 1073/4199 1072/4200
f 1068/4201 1067/4202 1074/4203 1075/4204
f 1066/4205 1068/4206 1075/4207 1073/4208
f 1070/4209 1069/4210 1076/4211 1077/4212
f 1069/4213 1071/4214 1078/4215 1076/4216
f 1071/4217 1072/4218 1079/4219 1078/4220
f 1072/4221 1073/4222 1080/4223 1079/4224
f 1075/4225 1074/4226 1081/4227 1082/4228
f 1073/4229 1075/4230 1082/4231 1080/4232
f 1077/4233 1076/4234 1083/4235 1084/4236
f 1076/4237 1078/4238 1085/4239 1083/4240
f 1078/4241 1079/4242 1086/4243 1085/4244
f 1079/4245 1080/4246 1087/4247 1086/4248
f 1082/4249 1081/4250 1088/4251 1089/4252
f 1080/4253 1082/4254 1089/4255 1087/4256
f 1084/4257 1083/4258 1090/4259 1091/4260
f 1083/4261 1085/4262 1092/4263 1090/4264
f 1085/4265 1086/4266 1093/4267 1092/4268
f 1086/4269 1087/4270 1094/4271 1093/4272
f 1089/4273 1088/4274 1095/4275 1096/4276
f 1087/4277 1089/4278 1096/4279 1094/4280
f 1091/4281 1090/4282 1097/4283 1098/4284
f 1090/4285 1092/4286 1099/4287 1097/4288
f 1092/4289 1093/4290 1100/4291 1099/4292
f 1093/4293 1094/4294 1101/4295 1100/4296
f 1096/4297 1095/4298 1102/4299 1103/4300
f 1094/4301 1096/4302 1103/4303 1101/4304
f 1098/4305 1097/4306 1104/4307 1105/4308
f 1097/4309 1099/4310 1106/4311 1104/4312
f 1099/4313 1100/4314 1107/4315 1106/4316
f 1100/4317 1101/4318 1108/4319 1107/4320
f 1103/4321 1102/4322 1109/4323 1110/4324
f 1101/4325 1103/4326 1110/4327 1108/4328
f 1105/4329 1104/4330 1111/4331 1112/4332
f 1104/4333 1106/4334 1113/4335 1111/4336
f 1106/4337 1107/4338 1114/4339 1113/4340
f 1107/4341 1108/4342 1115/4343 1114/4344
f 1110/4345 1109/4346 1116/4347 1117/4348
f 1108/4349 1110/4350 1117/4351 1115/4352
f 1112/4353 1111/4354 1118/4355 1119/4356
f 1111/4357 1113/4358 1120/4359 1118/4360
f 1113/4361 1114/4362 1121/4363 1120/4364
f 1114/4365 1115/4366 1122/4367 1121/4368
f 1117/4369 1116/4370 1123/4371 1124/4372
f 1115/4373 1117/4374 1124/4375 1122/4376
f 1119/4377 1118/4378 367/4379 366/4380
f 1118/4381 1120/4382 370/4383 367/4384
f 1120/4385 1121/4386 372/4387 370/4388
f 1121/4389 1122/4390 374/4391 372/4392
f 1124/4393 1123/4394 377/4395 376/4396
f 1122/4397 1124/4398 376/4399 374/4400
f 1125/4401 1038/4402 1041/4403 1126/4404
f 1038/4405 1125/4406 1127/4407 1044/4408
f 1044/4409 1127/4410 1128/4411 1047/4412
f 1047/4413 1128/4414 1129/4415 1050/4416
f 1052/4417 1130/4418 1131/4419 1053/4420
f 1050/4421 1129/4422 1130/4423 1052/4424
f 1126/4425 1041/4426 1056/4427 1132/4428
f 1053/4429 1131/4430 1133/4431 1060/4432
f 1132/4433 1056/4434 1063/4435 1134/4436
f 1060/4437 1133/4438 1135/4439 1067/4440
f 1134/4441 1063/4442 1070/4443 1136/4444
f 1067/4445 1135/4446 1137/4447 1074/4448
f 1136/4449 1070/4450 1077/4451 1138/4452
f 1074/4453 1137/4454 1139/4455 1081/4456
f 1138/4457 1077/4458 1084/4459 1140/4460
f 1081/4461 1139/4462 1141/4463 1088/4464
f 1140/4465 1084/4466 1091/4467 1142/4468
f 1088/4469 1141/4470 1143/4471 1095/4472
f 1142/4473 1091/4474 1098/4475 1144/4476
f 1095/4477 1143/4478 1145/4479 1102/4480
f 1144/4481 1098/4482 1105/4483 1146/4484
f 1102/4485 1145/4486 1147/4487 1109/4488
f 1146/4489 1105/4490 1112/4491 1148/4492
f 1109/4493 1147/4494 1149/4495 1116/4496
f 1148/4497 1112/4498 1119/4499 1150/4500
f 1116/4501 1149/4502 1151/4503 1123/4504
f 1150/4505 1119/4506 366/4507 441/4508
f 1123/4509 1151/4510 443/4511 377/4512
f 1152/4513 1125/4514 1126/4515 1153/4516
f 1125/4517 1152/4518 1154/4519 1127/4520
f 1127/4521 1154/4522 1155/4523 1128/4524
f 1128/4525 1155/4526 1156/4527 1129/4528
f 1130/4529 1157/4530 1158/4531 1131/4532
f 1129/4533 1156/4534 1157/4535 1130/4536
f 1153/4537 1126/4538 1132/4539 1159/4540
f 1131/4541 1158/4542 1160/4543 1133/4544
f 1159/4545 1132/4546 1134/4547 1161/4548
f 1133/4549 1160/4550 1162/4551 1135/4552
f 1161/4553 1134/4554 1136/4555 1163/4556
f 1135/4557 1162/4558 1164/4559 1137/4560
f 1163/4561 1136/4562 1138/4563 1165/4564
f 1137/4565 1164/4566 1166/4567 1139/4568
f 1165/4569 1138/4570 1140/4571 1167/4572
f 1139/4573 1166/4574 1168/4575 1141/4576
f 1167/4577 1140/4578 1142/4579 1169/4580
f 1141/4581 1168/4582 1170/4583 1143/4584
f 1169/4585 1142/4586 1144/4587 1171/4588
f 1143/4589 1170/4590 1172/4591 1145/4592
f 1171/4593 1144/4594 1146/4595 1173/4596
f 1145/4597 1172/4598 1174/4599 1147/4600
f 1173/4601 1146/4602 1148/4603 1175/4604
f 1147/4605 1174/4606 1176/4607 1149/4608
f 1175/4609 1148/4610 1150/4611 1177/4612
f 1149/4613 1176/4614 1178/4615 1151/4616
f 1177/4617 1150/4618 441/4619 465/4620
f 1151/4621 1178/4622 467/4623 443/4624
f 1179/4625 1152/4626 1153/4627 1180/4628
f 1152/4629 1179/4630 1181/4631 1154/4632
f 1154/4633 1181/4634 1182/4635 1155/4636
f 1155/4637 1182/4638 1183/4639 1156/4640
f 1157/4641 1184/4642 1185/4643 1158/4644
f 1156/4645 1183/4646 1184/4647 1157/4648
f 1180/4649 1153/4650 1159/4651 1186/4652
f 1158/4653 1185/4654 1187/4655 1160/4656
f 1186/4657 1159/4658 1161/4659 1188/4660
f 1160/4661 1187/4662 1189/4663 1162/4664
f 1188/4665 1161/4666 1163/4667 1190/4668
f 1162/4669 1189/4670 1191/4671 1164/4672
f 1190/4673 1163/4674 1165/4675 1192/4676
f 1164/4677 1191/4678 1193/4679 1166/4680
f 1192/4681 1165/4682 1167/4683 1194/4684
f 1166/4685 1193/4686 1195/4687 1168/4688
f 1194/4689 1167/4690 1169/4691 1196/4692
f 1168/4693 1195/4694 1197/4695 1170/4696
f 1196/4697 1169/4698 1171/4699 1198/4700
f 1170/4701 1197/4702 1199/4703 1172/4704
f 1198/4705 1171/4706 1173/4707 1200/4708
f 1172/4709 1199/4710 1201/4711 1174/4712
f 1200/4713 1173/4714 1175/4715 1202/4716
f 1174/4717 1201/4718 1203/4719 1176/4720
f 1202/4721 1175/4722 1177/4723 1204/4724
f 1176/4725 1203/4726 1205/4727 1178/4728
f 1204/4729 1177/4730 465/4731 489/4732
f 1178/4733 1205/4734 491/4735 467/4736
f 1206/4737 1179/4738 1180/4739 1207/4740
f 1179/4741 1206/4742 1208/4743 1181/4744
f 1181/4745 1208/4746 1209/4747 1182/4748
f 1182/4749 1209/4750 1210/4751 1183/4752
f 1184/4753 1211/4754 1212/4755 1185/4756
f 1183/4757 1210/4758 1211/4759 1184/4760
f 1207/4761 1180/4762 1186/4763 1213/4764
f 1185/4765 1212/4766 1214/4767 1187/4768
f 1213/4769 1186/4770 1188/4771 1215/4772
f 1187/4773 1214/4774 1216/4775 1189/4776
f 1215/4777 1188/4778 1190/4779 1217/4780
f 1189/4781 1216/4782 1218/4783 1191/4784
f 1217/4785 1190/4786 1192/4787 1219/4788
f 1191/4789 1218/4790 1220/4791 1193/4792
f 1219/4793 1192/4794 1194/4795 1221/4796
f 1193/4797 1220/4798 1222/4799 1195/4800
f 1221/4801 1194/4802 1196/4803 1223/4804
f 1195/4805 1222/4806 1224/4807 1197/4808
f 1223/4809 1196/4810 1198/4811 1225/4812
f 1197/4813 1224/4814 1226/4815 1199/4816
f 1225/4817 1198/4818 1200/4819 1227/4820
f 1199/4821 1226/4822 1228/4823 1201/4824
f 1227/4825 1200/4826 1202/4827 1229/4828
f 1201/4829 1228/4830 1230/4831 1203/4832
f 1229/4833 1202/4834 1204/4835 1231/4836
f 1203/4837 1230/4838 1232/4839 1205/4840
f 1231/4841 1204/4842 489/4843 513/4844
f 1205/4845 1232/4846 515/4847 491/4848
f 1233/4849 1206/4850 1207/4851 1234/4852
f 1206/4853 1233/4854 1235/4855 1208/4856
f 1208/4857 1235/4858 1236/4859 1209/4860
f 1209/4861 1236/4862 1237/4863 1210/4864
f 1211/4865 1238/4866 1239/4867 1212/4868
f 1210/4869 1237/4870 1238/4871 1211/4872
f 1234/4873 1207/4874 1213/4875 1240/4876
f 1212/4877 1239/4878 1241/4879 1214/4880
f 1240/4881 1213/4882 1215/4883 1242/4884
f 1214/4885 1241/4886 1243/4887 1216/4888
f 1242/4889 1215/4890 1217/4891 1244/4892
f 1216/4893 1243/4894 1245/4895 1218/4896
f 1244/4897 1217/4898 1219/4899 1246/4900
f 1218/4901 1245/4902 1247/4903 1220/4904
f 1246/4905 1219/4906 1221/4907 1248/4908
f 1220/4909 1247/4910 1249/4911 1222/4912
f 1248/4913 1221/4914 1223/4915 1250/4916
f 1222/4917 1249/4918 1251/4919 1224/4920
f 1250/4921 1223/4922 1225/4923 1252/4924
f 1224/4925 1251/4926 1253/4927 1226/4928
f 1252/4929 1225/4930 1227/4931 1254/4932
f 1226/4933 1253/4934 1255/4935 1228/4936
f 1254/4937 1227/4938 1229/4939 1256/4940
f 1228/4941 1255/4942 1257/4943 1230/4944
f 1256/4945 1229/4946 1231/4947 1258/4948
f 1230/4949 1257/4950 1259/4951 1232/4952
f 1258/4953 1231/4954 513/4955 537/4956
f 1232/4957 1259/4958 539/4959 515/4960
f 1260/4961 1233/4962 1234/4963 1261/4964
f 1233/4965 1260/4966 1262/4967 1235/4968
f 1235/4969 1262/4970 1263/4971 1236/4972
f 1236/4973 1263/4974 1264/4975 1237/4976
f 1238/4977 1265/4978 1266/4979 1239/4980
f 1237/4981 1264/4982 1265/4983 1238/4984
f 1261/4985 1234/4986 1240/4987 1267/4988
f 1239/4989 1266/4990 1268/4991 1241/4992
f 1267/4993 1240/4994 1242/4995 1269/4996
f 1241/4997 1268/4998 1270/4999 1243/5000
f 1269/5001 1242/5002 1244/5003 1271/5004
f 1243/5005 1270/5006 1272/5007 1245/5008
f 1271/5009 1244/5010 1246/5011 1273/5012
f 1245/5013 1272/5014 1274/5015 1247/5016
f 1273/5017 1246/5018 1248/5019 1275/5020
f 1247/5021 1274/5022 1276/5023 1249/5024
f 1275/5025 1248/5026 1250/5027 1277/5028
f 1249/5029 1276/5030 1278/5031 1251/5032
f 1277/5033 1250/5034 1252/5035 1279/5036
f 1251/5037 1278/5038 1280/5039 1253/5040
f 1279/5041 1252/5042 1254/5043 1281/5044
f 1253/5045 1280/5046 1282/5047 1255/5048
f 1281/5049 1254/5050 1256/5051 1283/5052
f 1255/5053 1282/5054 1284/5055 1257/5056
f 1283/5057 1256/5058 1258/5059 1285/5060
f 1257/5061 1284/5062 1286/5063 1259/5064
f 1285/5065 1258/5066 537/5067 561/5068
f 1259/5069 1286/5070 563/5071 539/5072
f 1287/5073 1260/5074 1261/5075 1288/5076
f 1289/5077 1287/5078 1288/5079 1290/5080
f 1260/5081 1287/5082 1289/5083 1262/5084
f 1291/5085 1289/5086 1290/5087 1292/5088
f 1262/5089 1289/5090 1291/5091 1263/5092
f 1293/5093 1291/5094 1292/5095 1294/5096
f 1263/5097 1291/5098 1293/5099 1264/5100
f 1265/5101 1295/5102 1296/5103 1266/5104
f 1295/5105 1293/5106 1294/5107 1296/5108
f 1264/5109 1293/5110 1295/5111 1265/5112
f 1288/5113 1261/5114 1267/5115 1297/5116
f 1290/5117 1288/5118 1297/5119 1298/5120
f 1292/5121 1290/5122 1298/5123 1299/5124
f 1294/5125 1292/5126 1299/5127 1300/5128
f 1266/5129 1296/5130 1301/5131 1268/5132
f 1296/5133 1294/5134 1300/5135 1301/5136
f 1297/5137 1267/5138 1269/5139 1302/5140
f 1298/5141 1297/5142 1302/5143 1303/5144
f 1299/5145 1298/5146 1303/5147 1304/5148
f 1300/5149 1299/5150 1304/5151 1305/5152
f 1268/5153 1301/5154 1306/5155 1270/5156
f 1301/5157 1300/5158 1305/5159 1306/5160
f 1302/5161 1269/5162 1271/5163 1307/5164
f 1303/5165 1302/5166 1307/5167 1308/5168
f 1304/5169 1303/5170 1308/5171 1309/5172
f 1305/5173 1304/5174 1309/5175 1310/5176
f 1270/5177 1306/5178 1311/5179 1272/5180
f 1306/5181 1305/5182 1310/5183 1311/5184
f 1307/5185 1271/5186 1273/5187 1312/5188
f 1308/5189 1307/5190 1312/5191 1313/5192
f 1309/5193 1308/5194 1313/5195 1314/5196
f 1310/5197 1309/5198 1314/5199 1315/5200
f 1272/5201 1311/5202 1316/5203 1274/5204
f 1311/5205 1310/5206 1315/5207 1316/5208
f 1312/5209 1273/5210 1275/5211 1317/5212
f 1313/5213 1312/5214 1317/5215 1318/5216
f 1314/5217 1313/5218 1318/5219 1319/5220
f 1315/5221 1314/5222 1319/5223 1320/5224
f 1274/5225 1316/5226 1321/5227 1276/5228
f 1316/5229 1315/5230 1320/5231 1321/5232
f 1317/5233 1275/5234 1277/5235 1322/5236
f 1318/5237 1317/5238 1322/5239 1323/5240
f 1319/5241 1318/5242 1323/5243 1324/5244
f 1320/5245 1319/5246 1324/5247 1325/5248
f 1276/5249 1321/5250 1326/5251 1278/5252
f 1321/5253 1320/5254 1325/5255 1326/5256
f 1322/5257 1277/5258 1279/5259 1327/5260
f 1323/5261 1322/5262 1327/5263 1328/5264
f 1324/5265 1323/5266 1328/5267 1329/5268
f 1325/5269 1324/5270 1329/5271 1330/5272
f 1278/5273 1326/5274 1331/5275 1280/5276
f 1326/5277 1325/5278 1330/5279 1331/5280
f 1327/5281 1279/5282 1281/5283 1332/5284
f 1328/5285 1327/5286 1332/5287 1333/5288
f 1329/5289 1328/5290 1333/5291 1334/5292
f 1330/5293 1329/5294 1334/5295 1335/5296
f 1280/5297 1331/5298 1336/5299 1282/5300
f 1331/5301 1330/5302 1335/5303 1336/5304
f 1332/5305 1281/5306 1283/5307 1337/5308
f 1333/5309 1332/5310 1337/5311 1338/5312
f 1334/5313 1333/5314 1338/5315 1339/5316
f 1335/5317 1334/5318 1339/5319 1340/5320
f 1282/5321 1336/5322 1341/5323 1284/5324
f 1336/5325 1335/5326 1340/5327 1341/5328
f 1337/5329 1283/5330 1285/5331 1342/5332
f 1338/5333 1337/5334 1342/5335 1343/5336
f 1339/5337 1338/5338 1343/5339 1344/5340
f 1340/5341 1339/5342 1344/5343 1345/5344
f 1284/5345 1341/5346 1346/5347 1286/5348
f 1341/5349 1340/5350 1345/5351 1346/5352
f 1342/5353 1285/5354 561/5355 585/5356
f 1343/5357 1342/5358 585/5359 587/5360
f 1344/5361 1343/5362 587/5363 589/5364
f 1345/5365 1344/5366 589/5367 591/5368
f 1286/5369 1346/5370 593/5371 563/5372
f 1346/5373 1345/5374 591/5375 593/5376
